[
  {
    "id": "a5669b0e-4c37-4a0a-b2ee-711396a901cb",
    "data": [
      {
        "text": "torna alla home",
        "userDefined": false
      }
    ],
    "isTemplate": false,
    "count": 0,
    "updated": 0
  },
  {
    "id": "db41c48d-2423-4629-86d5-4468895dc24a",
    "data": [
      {
        "text": "Ciao",
        "userDefined": false
      }
    ],
    "isTemplate": false,
    "count": 0,
    "updated": 0
  },
  {
    "id": "90ebb10e-6e73-446f-a4fa-4026691cda0d",
    "data": [
      {
        "text": "start",
        "meta": "@sys.ignore",
        "userDefined": false
      }
    ],
    "isTemplate": false,
    "count": 0,
    "updated": 0
  }
]