[
  {
    "id": "f089dcf3-a094-4495-afc7-b2ebfb74339c",
    "data": [
      {
        "text": "RSSMRI98E22A494L",
        "alias": "code",
        "meta": "@sys.any",
        "userDefined": true
      }
    ],
    "isTemplate": false,
    "count": 0,
    "updated": 0
  },
  {
    "id": "40e76d8a-d8a1-4c85-ae2e-6e323b6a81ac",
    "data": [
      {
        "text": "Mario Rossi",
        "alias": "person",
        "meta": "@sys.person",
        "userDefined": true
      }
    ],
    "isTemplate": false,
    "count": 0,
    "updated": 0
  },
  {
    "id": "254ef9bf-30d5-4b64-bfaa-e65997afa019",
    "data": [
      {
        "text": "il mio nome è ",
        "userDefined": false
      },
      {
        "text": "Mario Rossi",
        "alias": "person",
        "meta": "@sys.person",
        "userDefined": true
      }
    ],
    "isTemplate": false,
    "count": 0,
    "updated": 0
  },
  {
    "id": "77e75476-1a82-427b-a75e-12edf40c3d25",
    "data": [
      {
        "text": "mi chiamo ",
        "userDefined": false
      },
      {
        "text": "Mario Rossi",
        "alias": "person",
        "meta": "@sys.person",
        "userDefined": false
      }
    ],
    "isTemplate": false,
    "count": 0,
    "updated": 0
  },
  {
    "id": "89386f4d-c570-4913-8f86-68fc8532094a",
    "data": [
      {
        "text": "il mio nome è ",
        "userDefined": false
      },
      {
        "text": "Mario",
        "alias": "person",
        "meta": "@sys.person",
        "userDefined": false
      },
      {
        "text": " e il mio cognome è ",
        "userDefined": false
      },
      {
        "text": "Rossi",
        "alias": "person",
        "meta": "@sys.person",
        "userDefined": true
      }
    ],
    "isTemplate": false,
    "count": 0,
    "updated": 0
  }
]