[
  {
    "id": "1b2321fe-7e19-4d17-ba8a-fb71ee7ff5b7",
    "data": [
      {
        "text": "1",
        "alias": "covid1",
        "meta": "@sys.number",
        "userDefined": false
      }
    ],
    "isTemplate": false,
    "count": 1,
    "updated": 0
  },
  {
    "id": "96e8a273-8c18-4683-8a14-26c52e7210c2",
    "data": [
      {
        "text": "0",
        "alias": "covid1",
        "meta": "@sys.number",
        "userDefined": true
      }
    ],
    "isTemplate": false,
    "count": 0,
    "updated": 0
  }
]