[
  {
    "id": "b16fa796-1a05-4231-8764-c5d81006038b",
    "data": [
      {
        "text": "0",
        "alias": "covid3",
        "meta": "@sys.number",
        "userDefined": true
      }
    ],
    "isTemplate": false,
    "count": 0,
    "updated": 0
  },
  {
    "id": "afc68fe0-638d-4921-b23a-1f03cd699be7",
    "data": [
      {
        "text": "1",
        "alias": "covid3",
        "meta": "@sys.number",
        "userDefined": false
      }
    ],
    "isTemplate": false,
    "count": 0,
    "updated": 0
  }
]