[
  {
    "id": "4d2deedc-371a-49aa-bc22-79094b129c3b",
    "data": [
      {
        "text": "1",
        "alias": "covid4",
        "meta": "@sys.number",
        "userDefined": false
      }
    ],
    "isTemplate": false,
    "count": 0,
    "updated": 0
  },
  {
    "id": "a9cf2a79-31c8-4355-8786-5cac6d2a1248",
    "data": [
      {
        "text": "0",
        "alias": "covid4",
        "meta": "@sys.number",
        "userDefined": false
      }
    ],
    "isTemplate": false,
    "count": 0,
    "updated": 0
  }
]