[
  {
    "id": "b233e4f8-a982-4779-8570-0bed6198243b",
    "data": [
      {
        "text": "1",
        "alias": "covid2",
        "meta": "@sys.number",
        "userDefined": false
      }
    ],
    "isTemplate": false,
    "count": 1,
    "updated": 0
  },
  {
    "id": "56d31e31-e1ac-4adb-b493-c05c9695c2c8",
    "data": [
      {
        "text": "0",
        "alias": "covid2",
        "meta": "@sys.number",
        "userDefined": false
      }
    ],
    "isTemplate": false,
    "count": 0,
    "updated": 0
  }
]