[
  {
    "id": "ef216f50-c5bb-4d51-80fe-7b21a19ff2cb",
    "data": [
      {
        "text": "lettera",
        "userDefined": false
      }
    ],
    "isTemplate": false,
    "count": 0,
    "updated": 0
  },
  {
    "id": "25b29b8d-44b8-41d1-8d09-efb237e04bcc",
    "data": [
      {
        "text": "poste",
        "meta": "@sys.ignore",
        "userDefined": false
      }
    ],
    "isTemplate": false,
    "count": 0,
    "updated": 0
  },
  {
    "id": "76cea419-6bd9-44a0-ae12-de493d04f394",
    "data": [
      {
        "text": "Ufficio postale",
        "meta": "@sys.ignore",
        "userDefined": false
      }
    ],
    "isTemplate": false,
    "count": 0,
    "updated": 0
  },
  {
    "id": "291442b9-0ba5-4862-a788-3c698cf1d61c",
    "data": [
      {
        "text": "Dove posso spedire ",
        "userDefined": false
      },
      {
        "text": "una",
        "meta": "@sys.ignore",
        "userDefined": false
      },
      {
        "text": " lettera?",
        "userDefined": false
      }
    ],
    "isTemplate": false,
    "count": 1,
    "updated": 0
  },
  {
    "id": "85396bba-8d63-4722-af75-b45981935b58",
    "data": [
      {
        "text": "Dove si trova ",
        "userDefined": false
      },
      {
        "text": "l\u0027ufficio postale",
        "meta": "@sys.ignore",
        "userDefined": false
      },
      {
        "text": " più vicino?",
        "userDefined": false
      }
    ],
    "isTemplate": false,
    "count": 0,
    "updated": 0
  }
]