[
  {
    "id": "d469c7d6-a867-40b6-ac82-f49b8101b044",
    "data": [
      {
        "text": "è aperta ",
        "userDefined": false
      },
      {
        "text": "la farmacia",
        "meta": "@sys.ignore",
        "userDefined": false
      },
      {
        "text": " ",
        "userDefined": false
      },
      {
        "text": "adesso",
        "meta": "@sys.ignore",
        "userDefined": false
      },
      {
        "text": "?",
        "userDefined": false
      }
    ],
    "isTemplate": false,
    "count": 0,
    "updated": 0
  },
  {
    "id": "40f559c5-69d3-445e-bf73-5ed4c7a9598e",
    "data": [
      {
        "text": "Dove posso trovare ",
        "userDefined": false
      },
      {
        "text": "la farmacia",
        "meta": "@sys.ignore",
        "userDefined": false
      },
      {
        "text": " più vicina?",
        "userDefined": false
      }
    ],
    "isTemplate": false,
    "count": 0,
    "updated": 0
  }
]