[
  {
    "id": "feee1384-ffd5-4c8b-82a7-60ff4ce0be69",
    "data": [
      {
        "text": "cos\u0027è lo sprar",
        "userDefined": false
      }
    ],
    "isTemplate": false,
    "count": 0,
    "updated": 0
  },
  {
    "id": "3a3a80e0-8312-4805-8653-3dbaf7314fbe",
    "data": [
      {
        "text": "cos\u0027è il sistema di protezione per richiedenti ",
        "userDefined": false
      },
      {
        "text": "asilo e",
        "meta": "@sys.ignore",
        "userDefined": false
      },
      {
        "text": " rifugiati",
        "userDefined": false
      }
    ],
    "isTemplate": false,
    "count": 0,
    "updated": 0
  }
]