[
  {
    "id": "185dcd30-4f84-4a66-bc0c-d2eb91585823",
    "data": [
      {
        "text": "cambio biancheria",
        "userDefined": false
      }
    ],
    "isTemplate": false,
    "count": 0,
    "updated": 0
  },
  {
    "id": "4411fa09-4138-476a-81aa-ef334f42267c",
    "data": [
      {
        "text": "pulizia ",
        "userDefined": false
      },
      {
        "text": "locali",
        "meta": "@sys.ignore",
        "userDefined": false
      }
    ],
    "isTemplate": false,
    "count": 0,
    "updated": 0
  },
  {
    "id": "8fbf0fba-45d6-4cf2-8de0-29a24d84f684",
    "data": [
      {
        "text": "Pulizia stanze",
        "userDefined": false
      }
    ],
    "isTemplate": false,
    "count": 0,
    "updated": 0
  },
  {
    "id": "2ef7663c-4bcf-488d-8a7f-3aef379da0d0",
    "data": [
      {
        "text": "Come si puliscono ",
        "userDefined": false
      },
      {
        "text": "le stanze",
        "meta": "@sys.ignore",
        "userDefined": false
      }
    ],
    "isTemplate": false,
    "count": 0,
    "updated": 0
  }
]