[
  {
    "id": "b72a6366-11d9-4c88-acb8-93a12839b61d",
    "data": [
      {
        "text": "centri di accoglienza in italia",
        "userDefined": false
      }
    ],
    "isTemplate": false,
    "count": 0,
    "updated": 0
  },
  {
    "id": "357b2179-3d3b-4acf-8a68-deccb1517e39",
    "data": [
      {
        "text": "Cos\u0027è il CPSA",
        "userDefined": false
      }
    ],
    "isTemplate": false,
    "count": 0,
    "updated": 0
  },
  {
    "id": "f20807e7-6e72-46bd-a991-018c13b4d562",
    "data": [
      {
        "text": "cosa è il CDA",
        "userDefined": false
      }
    ],
    "isTemplate": false,
    "count": 0,
    "updated": 0
  },
  {
    "id": "56946a0d-ed0d-44f8-afc8-fe2fe6627928",
    "data": [
      {
        "text": "cosa è ",
        "userDefined": false
      },
      {
        "text": "un",
        "meta": "@sys.ignore",
        "userDefined": false
      },
      {
        "text": " CDA",
        "userDefined": false
      }
    ],
    "isTemplate": false,
    "count": 0,
    "updated": 0
  },
  {
    "id": "c9019cf4-6704-4315-87a9-52958d5ced73",
    "data": [
      {
        "text": "Cosa è ",
        "userDefined": false
      },
      {
        "text": "un",
        "meta": "@sys.ignore",
        "userDefined": false
      },
      {
        "text": " centro di accoglienza",
        "userDefined": false
      }
    ],
    "isTemplate": false,
    "count": 0,
    "updated": 0
  },
  {
    "id": "d2545c0e-d564-4437-8b0f-88dba1cb0ac7",
    "data": [
      {
        "text": "Cosa sono i CDA",
        "userDefined": false
      }
    ],
    "isTemplate": false,
    "count": 0,
    "updated": 0
  }
]