[
  {
    "id": "01174373-bd4d-4569-9c8c-de321bd5c635",
    "data": [
      {
        "text": "è aperto ",
        "userDefined": false
      },
      {
        "text": "ora",
        "meta": "@sys.ignore",
        "userDefined": false
      },
      {
        "text": " ",
        "userDefined": false
      },
      {
        "text": "il supermercato",
        "meta": "@sys.ignore",
        "userDefined": false
      },
      {
        "text": "?",
        "userDefined": false
      }
    ],
    "isTemplate": false,
    "count": 0,
    "updated": 0
  },
  {
    "id": "00108abc-cfc5-4112-bb11-9891a1d6f8b7",
    "data": [
      {
        "text": "Dove si trova ",
        "userDefined": false
      },
      {
        "text": "il supermercato",
        "meta": "@sys.ignore",
        "userDefined": false
      },
      {
        "text": " più vicino?",
        "userDefined": false
      }
    ],
    "isTemplate": false,
    "count": 0,
    "updated": 0
  }
]