[
  {
    "id": "66f3116d-2505-4597-bcf0-15c039ea1222",
    "data": [
      {
        "text": "TORNA ALLE CATEGORIE DELLE FAQ",
        "userDefined": false
      }
    ],
    "isTemplate": false,
    "count": 0,
    "updated": 0
  },
  {
    "id": "91ecb22e-54b4-43db-8281-6ce8bab25262",
    "data": [
      {
        "text": "Voglio farti ",
        "userDefined": false
      },
      {
        "text": "una",
        "meta": "@sys.ignore",
        "userDefined": false
      },
      {
        "text": " domanda",
        "userDefined": false
      }
    ],
    "isTemplate": false,
    "count": 0,
    "updated": 0
  },
  {
    "id": "482edaf2-7c3c-4383-8d9f-b8a2fc957208",
    "data": [
      {
        "text": "cosa puoi fare",
        "userDefined": false
      }
    ],
    "isTemplate": false,
    "count": 0,
    "updated": 0
  },
  {
    "id": "25f71813-ab15-464c-b756-ee78c8a0f4f6",
    "data": [
      {
        "text": "domande",
        "userDefined": false
      }
    ],
    "isTemplate": false,
    "count": 0,
    "updated": 0
  },
  {
    "id": "66775810-5e13-49ac-af8b-74de3a45a9db",
    "data": [
      {
        "text": "faq",
        "userDefined": false
      }
    ],
    "isTemplate": false,
    "count": 0,
    "updated": 0
  }
]