[
  {
    "id": "95aae39f-3538-4d3c-9927-acad731882e4",
    "data": [
      {
        "text": "non credo",
        "userDefined": false
      }
    ],
    "isTemplate": false,
    "count": 0,
    "updated": 0
  },
  {
    "id": "2168a5f7-07c4-4630-a2ab-957fe69cb505",
    "data": [
      {
        "text": "no grazie",
        "userDefined": false
      }
    ],
    "isTemplate": false,
    "count": 0,
    "updated": 0
  },
  {
    "id": "0d173dee-c1a1-4217-ad84-375ca6ca3017",
    "data": [
      {
        "text": "non farlo",
        "userDefined": false
      }
    ],
    "isTemplate": false,
    "count": 0,
    "updated": 0
  },
  {
    "id": "809b29a0-b6de-43c7-bdea-c7065bc95a6a",
    "data": [
      {
        "text": "non proprio",
        "userDefined": false
      }
    ],
    "isTemplate": false,
    "count": 0,
    "updated": 0
  },
  {
    "id": "d6fd31c8-bddc-464d-a357-65f4ae1ba835",
    "data": [
      {
        "text": "assolutamente no",
        "userDefined": false
      }
    ],
    "isTemplate": false,
    "count": 0,
    "updated": 0
  },
  {
    "id": "8f5efec0-950d-4fb4-ac57-e23594f4b98e",
    "data": [
      {
        "text": "no",
        "userDefined": false
      }
    ],
    "isTemplate": false,
    "count": 1,
    "updated": 0
  },
  {
    "id": "892a32eb-fdbe-4048-9a41-9a67c9300f2c",
    "data": [
      {
        "text": "non voglio",
        "userDefined": false
      }
    ],
    "isTemplate": false,
    "count": 0,
    "updated": 0
  },
  {
    "id": "5e48b4c4-88cf-4666-8716-251eed7b5835",
    "data": [
      {
        "text": "non sono d\u0027accordo",
        "userDefined": false
      }
    ],
    "isTemplate": false,
    "count": 0,
    "updated": 0
  },
  {
    "id": "15921a8a-1486-47e8-a9d1-c99322ffb79c",
    "data": [
      {
        "text": "non mi interessa",
        "userDefined": false
      }
    ],
    "isTemplate": false,
    "count": 0,
    "updated": 0
  }
]