[
  {
    "id": "723c71da-1ed8-47dc-b703-81971ecaac68",
    "data": [
      {
        "text": "prefettura",
        "meta": "@sys.ignore",
        "userDefined": false
      }
    ],
    "isTemplate": false,
    "count": 0,
    "updated": 0
  },
  {
    "id": "6a1f0fb7-6c12-43ef-8e4a-355c099c1fd3",
    "data": [
      {
        "text": "Quanto è lontana ",
        "userDefined": false
      },
      {
        "text": "la prefettura",
        "meta": "@sys.ignore",
        "userDefined": false
      },
      {
        "text": "?",
        "userDefined": false
      }
    ],
    "isTemplate": false,
    "count": 0,
    "updated": 0
  }
]