[
  {
    "id": "5d3fa23f-12a6-4573-9b45-112e73350d12",
    "data": [
      {
        "text": "Come funziona l\u0027accoglienza per il richiedente ",
        "userDefined": false
      },
      {
        "text": "asilo",
        "meta": "@sys.ignore",
        "userDefined": false
      }
    ],
    "isTemplate": false,
    "count": 0,
    "updated": 0
  },
  {
    "id": "b350e83b-b7ce-4c8f-af2a-eb2145ea3d2f",
    "data": [
      {
        "text": "Che cosa è il ",
        "userDefined": false
      },
      {
        "text": "CARA/CAS?",
        "meta": "@sys.ignore",
        "userDefined": false
      }
    ],
    "isTemplate": false,
    "count": 0,
    "updated": 0
  }
]