[
  {
    "id": "0259f5bf-47bc-48e3-83eb-8a6148f7c23a",
    "data": [
      {
        "text": "Dove posso trovare dei libri in ",
        "userDefined": false
      },
      {
        "text": "italiano",
        "meta": "@sys.ignore",
        "userDefined": false
      },
      {
        "text": " ?",
        "userDefined": false
      }
    ],
    "isTemplate": false,
    "count": 0,
    "updated": 0
  },
  {
    "id": "2b6b6904-cf33-4409-905b-bf0e90795dd0",
    "data": [
      {
        "text": "Librerie",
        "meta": "@sys.ignore",
        "userDefined": false
      }
    ],
    "isTemplate": false,
    "count": 0,
    "updated": 0
  },
  {
    "id": "c71d95de-a0b8-44e1-b965-40d2de7c716c",
    "data": [
      {
        "text": "Edicole",
        "userDefined": false
      }
    ],
    "isTemplate": false,
    "count": 0,
    "updated": 0
  },
  {
    "id": "eaaae4ca-4323-46cb-8bd9-720e047b6907",
    "data": [
      {
        "text": "Dove posso trovare libri da leggere?",
        "userDefined": false
      }
    ],
    "isTemplate": false,
    "count": 0,
    "updated": 0
  }
]