[
  {
    "id": "c63a77aa-53d2-4c8d-a529-0f76e88456b3",
    "data": [
      {
        "text": "parrocchie",
        "meta": "@sys.ignore",
        "userDefined": false
      }
    ],
    "isTemplate": false,
    "count": 0,
    "updated": 0
  },
  {
    "id": "634be6c1-6e5a-47c5-b6ac-1045988512f6",
    "data": [
      {
        "text": "parrocchia",
        "meta": "@sys.ignore",
        "userDefined": false
      }
    ],
    "isTemplate": false,
    "count": 0,
    "updated": 0
  },
  {
    "id": "0b69d160-5e61-4911-8ab6-af36a2b2ee72",
    "data": [
      {
        "text": "Chiesa",
        "meta": "@sys.ignore",
        "userDefined": false
      }
    ],
    "isTemplate": false,
    "count": 0,
    "updated": 0
  },
  {
    "id": "85347775-b29c-44fe-ad88-1a073c9dcc3f",
    "data": [
      {
        "text": "Moschea",
        "meta": "@sys.ignore",
        "userDefined": false
      }
    ],
    "isTemplate": false,
    "count": 0,
    "updated": 0
  },
  {
    "id": "5ad8ee6d-c67f-4bdc-b227-a5d6c0406232",
    "data": [
      {
        "text": "Dove si trova la ",
        "userDefined": false
      },
      {
        "text": "chiesa",
        "meta": "@sys.ignore",
        "userDefined": false
      },
      {
        "text": "/",
        "userDefined": false
      },
      {
        "text": "moschea",
        "meta": "@sys.ignore",
        "userDefined": false
      },
      {
        "text": " più vicina?",
        "userDefined": false
      }
    ],
    "isTemplate": false,
    "count": 0,
    "updated": 0
  }
]