[
  {
    "id": "16d53f21-bfc8-4a3f-965d-ff138ae63d53",
    "data": [
      {
        "text": "Vorrei vedere ",
        "userDefined": false
      },
      {
        "text": "lo psicologo",
        "meta": "@sys.ignore",
        "userDefined": false
      },
      {
        "text": ". Come si prenota ?",
        "userDefined": false
      }
    ],
    "isTemplate": false,
    "count": 0,
    "updated": 0
  },
  {
    "id": "18dbe6a8-f0c3-4cc6-b0e6-b589e54dead0",
    "data": [
      {
        "text": "Voglio usare il TOTEM ",
        "userDefined": false
      },
      {
        "text": "domani",
        "meta": "@sys.ignore",
        "userDefined": false
      },
      {
        "text": ". Come si prenota ?",
        "userDefined": false
      }
    ],
    "isTemplate": false,
    "count": 0,
    "updated": 0
  },
  {
    "id": "15e6e3e6-5809-431a-bea8-23e0c7611b2c",
    "data": [
      {
        "text": "Non riesco a dormire perchè il mio compagno ",
        "userDefined": false
      },
      {
        "text": "russa",
        "meta": "@sys.ignore",
        "userDefined": false
      },
      {
        "text": ". Cosa faccio ?",
        "userDefined": false
      }
    ],
    "isTemplate": false,
    "count": 0,
    "updated": 0
  },
  {
    "id": "9f5c2c62-53af-492b-985f-37415059c253",
    "data": [
      {
        "text": "Posso fare la doccia tutti i giorni ?",
        "userDefined": false
      }
    ],
    "isTemplate": false,
    "count": 0,
    "updated": 0
  },
  {
    "id": "3d8ef833-cb34-4e79-9e82-44b168ccb905",
    "data": [
      {
        "text": "Come rifaccio il letto ?",
        "userDefined": false
      }
    ],
    "isTemplate": false,
    "count": 0,
    "updated": 0
  },
  {
    "id": "1965116c-b1f7-4b46-8053-9da3825313b6",
    "data": [
      {
        "text": "Cosa è ",
        "userDefined": false
      },
      {
        "text": "un",
        "meta": "@sys.ignore",
        "userDefined": false
      },
      {
        "text": " contratto ?",
        "userDefined": false
      }
    ],
    "isTemplate": false,
    "count": 0,
    "updated": 0
  },
  {
    "id": "6f5b2741-171a-4426-b40b-40963d7c2afd",
    "data": [
      {
        "text": "Dove posso cercare ",
        "userDefined": false
      },
      {
        "text": "casa",
        "meta": "@sys.ignore",
        "userDefined": false
      },
      {
        "text": " ?",
        "userDefined": false
      }
    ],
    "isTemplate": false,
    "count": 0,
    "updated": 0
  },
  {
    "id": "5aefdbbe-fd45-4048-aa42-2a8988451f3d",
    "data": [
      {
        "text": "Quanto costa ",
        "userDefined": false
      },
      {
        "text": "una casa",
        "meta": "@sys.ignore",
        "userDefined": false
      },
      {
        "text": " ?",
        "userDefined": false
      }
    ],
    "isTemplate": false,
    "count": 0,
    "updated": 0
  },
  {
    "id": "345e5dcb-0559-46e3-84bf-44518439fb45",
    "data": [
      {
        "text": "Posso continuare ",
        "userDefined": false
      },
      {
        "text": "l\u0027università",
        "meta": "@sys.ignore",
        "userDefined": false
      },
      {
        "text": " ?",
        "userDefined": false
      }
    ],
    "isTemplate": false,
    "count": 0,
    "updated": 0
  },
  {
    "id": "3ec1c8c4-859c-4dc9-a8af-af374f1ee61c",
    "data": [
      {
        "text": "Dove posso trovare persone che parlano la mia lingua?",
        "userDefined": false
      }
    ],
    "isTemplate": false,
    "count": 0,
    "updated": 0
  },
  {
    "id": "cadd9144-fab0-41d7-8d3e-30c18d1de6d0",
    "data": [
      {
        "text": "Dove si trova ",
        "userDefined": false
      },
      {
        "text": "la scuola di italiano",
        "meta": "@sys.ignore",
        "userDefined": false
      },
      {
        "text": " ?",
        "userDefined": false
      }
    ],
    "isTemplate": false,
    "count": 0,
    "updated": 0
  },
  {
    "id": "bb4e5ab4-c28a-4ec0-abb6-b50f4cf20267",
    "data": [
      {
        "text": "Come si fa per iscriversi a ",
        "userDefined": false
      },
      {
        "text": "scuola ?",
        "meta": "@sys.ignore",
        "userDefined": false
      }
    ],
    "isTemplate": false,
    "count": 0,
    "updated": 0
  },
  {
    "id": "9c6af454-ece7-4fd7-9eb4-8b6cd06c8c6f",
    "data": [
      {
        "text": "Quanto tempo devo stare qui ?",
        "userDefined": false
      }
    ],
    "isTemplate": false,
    "count": 0,
    "updated": 0
  },
  {
    "id": "18005ace-6a31-40f5-8bfc-ee6cdba1e67c",
    "data": [
      {
        "text": "Voglio andare ",
        "userDefined": false
      },
      {
        "text": "in",
        "meta": "@sys.ignore",
        "userDefined": false
      },
      {
        "text": " ",
        "userDefined": false
      },
      {
        "text": "un",
        "meta": "@sys.ignore",
        "userDefined": false
      },
      {
        "text": " altro Paese. Come faccio ?",
        "userDefined": false
      }
    ],
    "isTemplate": false,
    "count": 0,
    "updated": 0
  },
  {
    "id": "8f380382-185a-4b57-918b-12dadf4901d8",
    "data": [
      {
        "text": "Cosa vuol dire ‘fare ricorso\u0027?",
        "userDefined": false
      }
    ],
    "isTemplate": false,
    "count": 0,
    "updated": 0
  },
  {
    "id": "fcd72145-434a-45fe-9c3c-279a11f9eee6",
    "data": [
      {
        "text": "Cosa devo dire alla Commissione?",
        "userDefined": false
      }
    ],
    "isTemplate": false,
    "count": 0,
    "updated": 0
  },
  {
    "id": "8b569472-34b3-4431-99cb-86f312f451b9",
    "data": [
      {
        "text": "Che cosa è il regolamento di ",
        "userDefined": false
      },
      {
        "text": "Dublino",
        "meta": "@sys.ignore",
        "userDefined": false
      },
      {
        "text": "?",
        "userDefined": false
      }
    ],
    "isTemplate": false,
    "count": 0,
    "updated": 0
  },
  {
    "id": "88fb211b-d762-4320-b2ed-44a046ff1104",
    "data": [
      {
        "text": "Come si presenta la domanda per il riconoscimento internazionale?",
        "userDefined": false
      }
    ],
    "isTemplate": false,
    "count": 0,
    "updated": 0
  },
  {
    "id": "08a85ad7-7ad7-4347-b66a-88c93f2484f2",
    "data": [
      {
        "text": "Mi sento solo. Qualcuno mi può aiutare?",
        "userDefined": false
      }
    ],
    "isTemplate": false,
    "count": 0,
    "updated": 0
  },
  {
    "id": "7cbd7ecd-3538-4885-bcfb-ee5bd7a4cc5b",
    "data": [
      {
        "text": "Perchè devo prendere questa pillola?",
        "userDefined": false
      }
    ],
    "isTemplate": false,
    "count": 0,
    "updated": 0
  },
  {
    "id": "97136e93-5744-47d8-935c-6842c5f3f662",
    "data": [
      {
        "text": "Quante volte devo prendere la pillola?",
        "userDefined": false
      }
    ],
    "isTemplate": false,
    "count": 0,
    "updated": 0
  },
  {
    "id": "923f895a-4ba9-4e31-bbb1-f742affe25aa",
    "data": [
      {
        "text": "Voglio ",
        "userDefined": false
      },
      {
        "text": "un medico",
        "meta": "@sys.ignore",
        "userDefined": false
      },
      {
        "text": " ",
        "userDefined": false
      },
      {
        "text": "donna",
        "meta": "@sys.ignore",
        "userDefined": false
      },
      {
        "text": ".",
        "userDefined": false
      }
    ],
    "isTemplate": false,
    "count": 0,
    "updated": 0
  },
  {
    "id": "4bdaf991-7211-42af-8ac7-70969cfee423",
    "data": [
      {
        "text": "Cosa è la tessera ",
        "userDefined": false
      },
      {
        "text": "sanitaria",
        "meta": "@sys.ignore",
        "userDefined": false
      },
      {
        "text": "?",
        "userDefined": false
      }
    ],
    "isTemplate": false,
    "count": 0,
    "updated": 0
  },
  {
    "id": "b7131fe1-5472-4da6-9e86-e52c683d58de",
    "data": [
      {
        "text": "Dove posso trovare ",
        "userDefined": false
      },
      {
        "text": "un",
        "meta": "@sys.ignore",
        "userDefined": false
      },
      {
        "text": " telefono?",
        "userDefined": false
      }
    ],
    "isTemplate": false,
    "count": 0,
    "updated": 0
  },
  {
    "id": "c835dac7-2611-4e68-a78f-2254d37d9bb0",
    "data": [
      {
        "text": "Dove posso suonare ",
        "userDefined": false
      },
      {
        "text": "uno",
        "meta": "@sys.ignore",
        "userDefined": false
      },
      {
        "text": " strumento?",
        "userDefined": false
      }
    ],
    "isTemplate": false,
    "count": 0,
    "updated": 0
  },
  {
    "id": "18d13042-a442-4aaa-a55d-14a211fb398f",
    "data": [
      {
        "text": "Si può giocare all\u0027aperto?",
        "userDefined": false
      }
    ],
    "isTemplate": false,
    "count": 0,
    "updated": 0
  },
  {
    "id": "b6098b4d-dad8-40a8-9b57-c31cc7f2f653",
    "data": [
      {
        "text": "Dove posso fare ",
        "userDefined": false
      },
      {
        "text": "sport",
        "meta": "@sys.ignore",
        "userDefined": false
      },
      {
        "text": "?",
        "userDefined": false
      }
    ],
    "isTemplate": false,
    "count": 0,
    "updated": 0
  },
  {
    "id": "586d8d00-b16a-411d-88cb-6bfe026b49a7",
    "data": [
      {
        "text": "Dove si richiedono i documenti?",
        "userDefined": false
      }
    ],
    "isTemplate": false,
    "count": 0,
    "updated": 0
  },
  {
    "id": "890036a7-7c6e-4870-9282-cae68f126dff",
    "data": [
      {
        "text": "Dove si trova ",
        "userDefined": false
      },
      {
        "text": "la scuola di italiano",
        "meta": "@sys.ignore",
        "userDefined": false
      },
      {
        "text": "?",
        "userDefined": false
      }
    ],
    "isTemplate": false,
    "count": 0,
    "updated": 0
  },
  {
    "id": "53f18f04-3eef-4fff-9ea9-34bb3260107d",
    "data": [
      {
        "text": "Devo pagare per ",
        "userDefined": false
      },
      {
        "text": "una",
        "meta": "@sys.ignore",
        "userDefined": false
      },
      {
        "text": " visita?",
        "userDefined": false
      }
    ],
    "isTemplate": false,
    "count": 0,
    "updated": 0
  },
  {
    "id": "6dcf819a-4b75-46f9-bac3-7926f24ab3e2",
    "data": [
      {
        "text": "In ",
        "userDefined": false
      },
      {
        "text": "ospedale",
        "meta": "@sys.ignore",
        "userDefined": false
      },
      {
        "text": " parlano la mia lingua?",
        "userDefined": false
      }
    ],
    "isTemplate": false,
    "count": 0,
    "updated": 0
  },
  {
    "id": "2a779b31-1b30-42f7-91a0-12796f6709ff",
    "data": [
      {
        "text": "Posso ricevere le cure anche senza documenti?",
        "userDefined": false
      }
    ],
    "isTemplate": false,
    "count": 0,
    "updated": 0
  }
]