[
  {
    "id": "c938abc6-faa7-414f-8633-e9d49c83de59",
    "data": [
      {
        "text": "buona idea",
        "userDefined": false
      }
    ],
    "isTemplate": false,
    "count": 0,
    "updated": 0
  },
  {
    "id": "708ac8f5-06d4-4aaa-bb44-d6bca53fe436",
    "data": [
      {
        "text": "proprio così",
        "userDefined": false
      }
    ],
    "isTemplate": false,
    "count": 0,
    "updated": 0
  },
  {
    "id": "35d3ded4-8a48-4542-9d0a-7241b54d2d51",
    "data": [
      {
        "text": "certo",
        "userDefined": false
      }
    ],
    "isTemplate": false,
    "count": 0,
    "updated": 0
  },
  {
    "id": "3d41b0ff-cae5-4fd7-8e11-b9d4da5524d2",
    "data": [
      {
        "text": "certamente",
        "userDefined": false
      }
    ],
    "isTemplate": false,
    "count": 0,
    "updated": 0
  },
  {
    "id": "23ea4daf-df50-406c-a440-c88cdd6f16c9",
    "data": [
      {
        "text": "non importa",
        "userDefined": false
      }
    ],
    "isTemplate": false,
    "count": 0,
    "updated": 0
  },
  {
    "id": "27b193c5-3c8d-442f-8543-38dbd8c320f5",
    "data": [
      {
        "text": "d\u0027accordo",
        "userDefined": false
      }
    ],
    "isTemplate": false,
    "count": 0,
    "updated": 0
  },
  {
    "id": "ef1fa8e9-5819-43c5-8fff-1f95aab7c4e0",
    "data": [
      {
        "text": "confermo",
        "userDefined": false
      }
    ],
    "isTemplate": false,
    "count": 0,
    "updated": 0
  },
  {
    "id": "13a4b186-6eaf-4d9f-b12a-b1ce508da6a9",
    "data": [
      {
        "text": "sì",
        "userDefined": false
      }
    ],
    "isTemplate": false,
    "count": 0,
    "updated": 0
  },
  {
    "id": "d446c893-ddc1-49c8-818b-df193b81e8d7",
    "data": [
      {
        "text": "esatto",
        "userDefined": false
      }
    ],
    "isTemplate": false,
    "count": 0,
    "updated": 0
  },
  {
    "id": "9aee21d5-2b01-4e92-8f24-ecef9e1a69aa",
    "data": [
      {
        "text": "fallo",
        "userDefined": false
      }
    ],
    "isTemplate": false,
    "count": 0,
    "updated": 0
  }
]