[
  {
    "id": "6b704eb4-f803-4601-9e5b-f24e0a0d3056",
    "data": [
      {
        "text": "Voglio cercare ",
        "userDefined": false
      },
      {
        "text": "lavoro",
        "meta": "@sys.ignore",
        "userDefined": false
      }
    ],
    "isTemplate": false,
    "count": 0,
    "updated": 0
  },
  {
    "id": "1fdb7bac-63da-40e9-8ea0-05e786765bfc",
    "data": [
      {
        "text": "Voglio lavorare",
        "userDefined": false
      }
    ],
    "isTemplate": false,
    "count": 0,
    "updated": 0
  },
  {
    "id": "3cb5270b-90be-4c1e-a6c4-5247e7e5ab5c",
    "data": [
      {
        "text": "Come si fa a lavorare?",
        "userDefined": false
      }
    ],
    "isTemplate": false,
    "count": 0,
    "updated": 0
  },
  {
    "id": "cfb25b1c-2cf8-481d-9b5f-39277c8424e5",
    "data": [
      {
        "text": "Cosa serve per lavorare?",
        "userDefined": false
      }
    ],
    "isTemplate": false,
    "count": 0,
    "updated": 0
  },
  {
    "id": "c565fde1-0d3f-485a-a69c-348884596f54",
    "data": [
      {
        "text": "Dove trovo ",
        "userDefined": false
      },
      {
        "text": "lavoro",
        "meta": "@sys.ignore",
        "userDefined": false
      },
      {
        "text": "?",
        "userDefined": false
      }
    ],
    "isTemplate": false,
    "count": 0,
    "updated": 0
  },
  {
    "id": "ef1c782e-17a7-473d-bbc8-426e6374016e",
    "data": [
      {
        "text": "Come posso lavorare?",
        "userDefined": false
      }
    ],
    "isTemplate": false,
    "count": 0,
    "updated": 0
  },
  {
    "id": "34e248fa-13d8-4a29-beea-b82577d8a379",
    "data": [
      {
        "text": "Come ",
        "userDefined": false
      },
      {
        "text": "cerco lavoro?",
        "meta": "@sys.ignore",
        "userDefined": false
      }
    ],
    "isTemplate": false,
    "count": 1,
    "updated": 0
  }
]