[
  {
    "id": "69915181-2361-4a87-b4b3-864e0f000f03",
    "data": [
      {
        "text": "Mare",
        "meta": "@sys.ignore",
        "userDefined": false
      }
    ],
    "isTemplate": false,
    "count": 0,
    "updated": 0
  },
  {
    "id": "f8fa8e54-4502-4f21-a645-ce804e2fe184",
    "data": [
      {
        "text": "Spiaggia",
        "userDefined": false
      }
    ],
    "isTemplate": false,
    "count": 0,
    "updated": 0
  },
  {
    "id": "741c0d65-a3dc-4172-8452-830cbfc6063b",
    "data": [
      {
        "text": "Dove trovo ",
        "userDefined": false
      },
      {
        "text": "il mare",
        "meta": "@sys.ignore",
        "userDefined": false
      },
      {
        "text": "?",
        "userDefined": false
      }
    ],
    "isTemplate": false,
    "count": 0,
    "updated": 0
  }
]