[
  {
    "id": "9da7517e-ca8e-463f-9730-d92a967263fb",
    "data": [
      {
        "text": "6",
        "alias": "SF2",
        "meta": "@sys.number",
        "userDefined": true
      }
    ],
    "isTemplate": false,
    "count": 0,
    "updated": 0
  },
  {
    "id": "100660ad-69b5-49a0-9554-c5843eb6ee35",
    "data": [
      {
        "text": "5",
        "alias": "SF2",
        "meta": "@sys.number",
        "userDefined": false
      }
    ],
    "isTemplate": false,
    "count": 0,
    "updated": 0
  },
  {
    "id": "cce8e4ab-6b64-41bf-9828-52893c37975b",
    "data": [
      {
        "text": "4",
        "alias": "SF2",
        "meta": "@sys.number",
        "userDefined": false
      }
    ],
    "isTemplate": false,
    "count": 0,
    "updated": 0
  },
  {
    "id": "4e7eb57c-a308-4ee8-9503-7205eb9d1484",
    "data": [
      {
        "text": "3",
        "alias": "SF2",
        "meta": "@sys.number",
        "userDefined": false
      }
    ],
    "isTemplate": false,
    "count": 0,
    "updated": 0
  },
  {
    "id": "379b98f4-e8de-4177-b762-831481e1d4fe",
    "data": [
      {
        "text": "2",
        "alias": "SF2",
        "meta": "@sys.number",
        "userDefined": false
      }
    ],
    "isTemplate": false,
    "count": 0,
    "updated": 0
  },
  {
    "id": "c87cb7fc-768c-4172-bdfe-488897ba2fe9",
    "data": [
      {
        "text": "1",
        "alias": "SF2",
        "meta": "@sys.number",
        "userDefined": true
      }
    ],
    "isTemplate": false,
    "count": 0,
    "updated": 0
  }
]