[
  {
    "id": "ad88807d-aca7-4866-b25b-a30b997f9630",
    "data": [
      {
        "text": "2",
        "alias": "RP3",
        "meta": "@sys.number",
        "userDefined": true
      }
    ],
    "isTemplate": false,
    "count": 0,
    "updated": 0
  },
  {
    "id": "3b6b449b-12a5-47ed-9328-c513179cd6c2",
    "data": [
      {
        "text": "1",
        "alias": "RP3",
        "meta": "@sys.number",
        "userDefined": true
      }
    ],
    "isTemplate": false,
    "count": 0,
    "updated": 0
  }
]