[
  {
    "id": "a061d91a-f953-48ca-ac49-1522cbe80fe4",
    "data": [
      {
        "text": "2",
        "alias": "RE2",
        "meta": "@sys.number",
        "userDefined": true
      }
    ],
    "isTemplate": false,
    "count": 0,
    "updated": 0
  },
  {
    "id": "ecc771e9-b55b-4dec-9d32-5a8b6a08cbab",
    "data": [
      {
        "text": "1",
        "alias": "RE2",
        "meta": "@sys.number",
        "userDefined": true
      }
    ],
    "isTemplate": false,
    "count": 0,
    "updated": 0
  }
]