[
  {
    "id": "eb736744-a3f1-4e3b-a5cf-ced3412d3e73",
    "data": [
      {
        "text": "6",
        "alias": "VT2",
        "meta": "@sys.number",
        "userDefined": true
      }
    ],
    "isTemplate": false,
    "count": 0,
    "updated": 0
  },
  {
    "id": "b8e28470-08bc-44d5-8e55-4c285193440e",
    "data": [
      {
        "text": "5",
        "alias": "VT2",
        "meta": "@sys.number",
        "userDefined": false
      }
    ],
    "isTemplate": false,
    "count": 0,
    "updated": 0
  },
  {
    "id": "1468b347-03f7-4e83-85be-b7d111536248",
    "data": [
      {
        "text": "4",
        "alias": "VT2",
        "meta": "@sys.number",
        "userDefined": false
      }
    ],
    "isTemplate": false,
    "count": 0,
    "updated": 0
  },
  {
    "id": "cff75489-0ad9-48da-b065-18e5a6610d65",
    "data": [
      {
        "text": "3",
        "alias": "VT2",
        "meta": "@sys.number",
        "userDefined": false
      }
    ],
    "isTemplate": false,
    "count": 0,
    "updated": 0
  },
  {
    "id": "ceef2959-0c51-4787-997e-970eb7087939",
    "data": [
      {
        "text": "2",
        "alias": "VT2",
        "meta": "@sys.number",
        "userDefined": true
      }
    ],
    "isTemplate": false,
    "count": 0,
    "updated": 0
  },
  {
    "id": "99605ac1-91c8-4b2f-8cc6-46f68014f17c",
    "data": [
      {
        "text": "1",
        "alias": "VT2",
        "meta": "@sys.number",
        "userDefined": true
      }
    ],
    "isTemplate": false,
    "count": 0,
    "updated": 0
  }
]