[
  {
    "id": "db9c3967-9b28-4fa7-a5f8-c8c17c649ddc",
    "data": [
      {
        "text": "5",
        "alias": "GH1",
        "meta": "@sys.number",
        "userDefined": false
      }
    ],
    "isTemplate": false,
    "count": 0,
    "updated": 0
  },
  {
    "id": "0bc15f8d-b5dd-43be-8794-42f9723bb3b1",
    "data": [
      {
        "text": "4",
        "alias": "GH1",
        "meta": "@sys.number",
        "userDefined": false
      }
    ],
    "isTemplate": false,
    "count": 0,
    "updated": 0
  },
  {
    "id": "03576d67-6eab-4a1e-a71a-fe5767bf767c",
    "data": [
      {
        "text": "3",
        "alias": "GH1",
        "meta": "@sys.number",
        "userDefined": true
      }
    ],
    "isTemplate": false,
    "count": 0,
    "updated": 0
  },
  {
    "id": "fe495891-e55f-40f8-9b5b-e3508191fcc8",
    "data": [
      {
        "text": "2",
        "alias": "GH1",
        "meta": "@sys.number",
        "userDefined": true
      }
    ],
    "isTemplate": false,
    "count": 0,
    "updated": 0
  },
  {
    "id": "90b84a01-a485-4a61-87b5-8fd145c2f41c",
    "data": [
      {
        "text": "1",
        "alias": "GH1",
        "meta": "@sys.number",
        "userDefined": false
      }
    ],
    "isTemplate": false,
    "count": 0,
    "updated": 0
  }
]