[
  {
    "id": "87b92dc9-239b-4346-a2cd-f57ec9a31f86",
    "data": [
      {
        "text": "6",
        "alias": "MH3",
        "meta": "@sys.number",
        "userDefined": true
      }
    ],
    "isTemplate": false,
    "count": 0,
    "updated": 0
  },
  {
    "id": "9c4dd9ed-1475-4bdb-a943-5f8737666e89",
    "data": [
      {
        "text": "5",
        "alias": "MH3",
        "meta": "@sys.number",
        "userDefined": false
      }
    ],
    "isTemplate": false,
    "count": 0,
    "updated": 0
  },
  {
    "id": "e361d121-7727-4158-89d0-5c70c480e0fd",
    "data": [
      {
        "text": "4",
        "alias": "MH3",
        "meta": "@sys.number",
        "userDefined": false
      }
    ],
    "isTemplate": false,
    "count": 0,
    "updated": 0
  },
  {
    "id": "c357fa6f-47d4-4e8e-ac77-51bc2aeb966e",
    "data": [
      {
        "text": "3",
        "alias": "MH3",
        "meta": "@sys.number",
        "userDefined": false
      }
    ],
    "isTemplate": false,
    "count": 0,
    "updated": 0
  },
  {
    "id": "78cd9890-3826-45d7-827e-56d5a0bff09a",
    "data": [
      {
        "text": "2",
        "alias": "MH3",
        "meta": "@sys.number",
        "userDefined": false
      }
    ],
    "isTemplate": false,
    "count": 0,
    "updated": 0
  },
  {
    "id": "420185e3-2664-465a-a396-d1854536be77",
    "data": [
      {
        "text": "1",
        "alias": "MH3",
        "meta": "@sys.number",
        "userDefined": true
      }
    ],
    "isTemplate": false,
    "count": 0,
    "updated": 0
  }
]