[
  {
    "id": "2738398f-eb56-45c5-9fc0-355687d16dfc",
    "data": [
      {
        "text": "2",
        "alias": "RE3",
        "meta": "@sys.number",
        "userDefined": true
      }
    ],
    "isTemplate": false,
    "count": 0,
    "updated": 0
  },
  {
    "id": "11ce9b2d-f96c-4e28-b552-3338c7d560f7",
    "data": [
      {
        "text": "1",
        "alias": "RE3",
        "meta": "@sys.number",
        "userDefined": true
      }
    ],
    "isTemplate": false,
    "count": 0,
    "updated": 0
  }
]