[
  {
    "id": "f473df68-cf12-4804-97e9-c812dae3a7b5",
    "data": [
      {
        "text": "2",
        "alias": "RP2",
        "meta": "@sys.number",
        "userDefined": true
      }
    ],
    "isTemplate": false,
    "count": 0,
    "updated": 0
  },
  {
    "id": "fd847dc7-c25c-4dcf-9a75-f2fef357c68f",
    "data": [
      {
        "text": "1",
        "alias": "RP2",
        "meta": "@sys.number",
        "userDefined": true
      }
    ],
    "isTemplate": false,
    "count": 0,
    "updated": 0
  }
]