[
  {
    "id": "664502ec-5c64-4dde-b281-c8b54010adb2",
    "data": [
      {
        "text": "3",
        "alias": "PF02",
        "meta": "@sys.number",
        "userDefined": true
      }
    ],
    "isTemplate": false,
    "count": 0,
    "updated": 0
  },
  {
    "id": "62ae9978-3fd1-4517-8233-e5d9d80c9410",
    "data": [
      {
        "text": "2",
        "alias": "PF02",
        "meta": "@sys.number",
        "userDefined": true
      }
    ],
    "isTemplate": false,
    "count": 0,
    "updated": 0
  },
  {
    "id": "65098afb-4b36-4c1d-9a22-5373b2551fbc",
    "data": [
      {
        "text": "1",
        "alias": "PF02",
        "meta": "@sys.number",
        "userDefined": true
      }
    ],
    "isTemplate": false,
    "count": 0,
    "updated": 0
  }
]