[
  {
    "id": "55a5b370-b736-4d5f-991c-64251b2c97fd",
    "data": [
      {
        "text": "5",
        "alias": "BP2",
        "meta": "@sys.number",
        "userDefined": true
      }
    ],
    "isTemplate": false,
    "count": 0,
    "updated": 0
  },
  {
    "id": "827dde8c-86ac-47b5-ab7d-092aebf64424",
    "data": [
      {
        "text": "4",
        "alias": "BP2",
        "meta": "@sys.number",
        "userDefined": false
      }
    ],
    "isTemplate": false,
    "count": 0,
    "updated": 0
  },
  {
    "id": "4ba25500-8be8-4e6a-a8f5-c6a3d7e6c926",
    "data": [
      {
        "text": "3",
        "alias": "BP2",
        "meta": "@sys.number",
        "userDefined": true
      }
    ],
    "isTemplate": false,
    "count": 0,
    "updated": 0
  },
  {
    "id": "6319a04f-c2aa-4270-b1bb-8c4c82bcbb65",
    "data": [
      {
        "text": "2",
        "alias": "BP2",
        "meta": "@sys.number",
        "userDefined": false
      }
    ],
    "isTemplate": false,
    "count": 0,
    "updated": 0
  },
  {
    "id": "d3c2b634-4860-4ee0-8741-71c933dd932a",
    "data": [
      {
        "text": "1",
        "alias": "BP2",
        "meta": "@sys.number",
        "userDefined": true
      }
    ],
    "isTemplate": false,
    "count": 0,
    "updated": 0
  }
]