[
  {
    "id": "44389f67-01ff-4e02-93b6-3eebbf86ae42",
    "data": [
      {
        "text": "3",
        "alias": "PF04",
        "meta": "@sys.number",
        "userDefined": true
      }
    ],
    "isTemplate": false,
    "count": 1,
    "updated": 0
  },
  {
    "id": "3040905d-20b3-493d-bbd7-5f9cd8c80e75",
    "data": [
      {
        "text": "2",
        "alias": "PF04",
        "meta": "@sys.number",
        "userDefined": true
      }
    ],
    "isTemplate": false,
    "count": 0,
    "updated": 0
  },
  {
    "id": "267adced-f619-45fb-a5de-1f638943d0ed",
    "data": [
      {
        "text": "1",
        "alias": "PF04",
        "meta": "@sys.number",
        "userDefined": true
      }
    ],
    "isTemplate": false,
    "count": 0,
    "updated": 0
  }
]