[
  {
    "id": "251970e7-c3c9-4c43-8b3a-59e66b2f39ab",
    "data": [
      {
        "text": "6",
        "alias": "MH4",
        "meta": "@sys.number",
        "userDefined": true
      }
    ],
    "isTemplate": false,
    "count": 0,
    "updated": 0
  },
  {
    "id": "42d21f4e-8085-4e90-bc85-1c7151f30fd8",
    "data": [
      {
        "text": "5",
        "alias": "MH4",
        "meta": "@sys.number",
        "userDefined": false
      }
    ],
    "isTemplate": false,
    "count": 0,
    "updated": 0
  },
  {
    "id": "d0b0a88e-deab-46aa-8c02-93e3f2bdaf49",
    "data": [
      {
        "text": "4",
        "alias": "MH4",
        "meta": "@sys.number",
        "userDefined": false
      }
    ],
    "isTemplate": false,
    "count": 0,
    "updated": 0
  },
  {
    "id": "6b35b870-7002-47ee-954c-ab90ebddbf62",
    "data": [
      {
        "text": "3",
        "alias": "MH4",
        "meta": "@sys.number",
        "userDefined": false
      }
    ],
    "isTemplate": false,
    "count": 0,
    "updated": 0
  },
  {
    "id": "c2c3eb7b-5056-48bd-8be4-b8c253b1914b",
    "data": [
      {
        "text": "2",
        "alias": "MH4",
        "meta": "@sys.number",
        "userDefined": false
      }
    ],
    "isTemplate": false,
    "count": 0,
    "updated": 0
  },
  {
    "id": "44fbf6fc-b151-4e7a-b424-1cb31e8cf908",
    "data": [
      {
        "text": "1",
        "alias": "MH4",
        "meta": "@sys.number",
        "userDefined": true
      }
    ],
    "isTemplate": false,
    "count": 0,
    "updated": 0
  }
]