[
  {
    "id": "2afaeef5-8b99-45b5-8bed-cc98d29bbaad",
    "data": [
      {
        "text": "100",
        "alias": "risposta17",
        "meta": "@sys.number",
        "userDefined": false
      }
    ],
    "isTemplate": false,
    "count": 0,
    "updated": 0
  },
  {
    "id": "623bb11f-31f3-4fda-9d89-24c10160f583",
    "data": [
      {
        "text": "0",
        "alias": "risposta17",
        "meta": "@sys.number",
        "userDefined": false
      }
    ],
    "isTemplate": false,
    "count": 0,
    "updated": 0
  }
]