[
  {
    "id": "5e91266e-1600-47f0-9cfe-8a08a8360cec",
    "data": [
      {
        "text": "100",
        "alias": "risposta7",
        "meta": "@sys.number",
        "userDefined": false
      }
    ],
    "isTemplate": false,
    "count": 0,
    "updated": 0
  },
  {
    "id": "88428dd1-7fde-4e49-8c92-d2da85e2e7df",
    "data": [
      {
        "text": "50",
        "alias": "risposta7",
        "meta": "@sys.number",
        "userDefined": false
      }
    ],
    "isTemplate": false,
    "count": 0,
    "updated": 0
  },
  {
    "id": "73f90876-f178-41b7-aceb-d5261f9ef42c",
    "data": [
      {
        "text": "0",
        "alias": "risposta7",
        "meta": "@sys.number",
        "userDefined": false
      }
    ],
    "isTemplate": false,
    "count": 0,
    "updated": 0
  }
]