[
  {
    "id": "7cbe1e32-27d2-42bb-8ea0-9f1a06c998c8",
    "data": [
      {
        "text": "100",
        "alias": "risposta13",
        "meta": "@sys.number",
        "userDefined": false
      }
    ],
    "isTemplate": false,
    "count": 0,
    "updated": 0
  },
  {
    "id": "5d848eb2-6615-4731-acec-b806fa3e65a1",
    "data": [
      {
        "text": "0",
        "alias": "risposta13",
        "meta": "@sys.number",
        "userDefined": false
      }
    ],
    "isTemplate": false,
    "count": 0,
    "updated": 0
  }
]