[
  {
    "id": "a67d3904-8dfc-45a3-828a-33e6c75298e1",
    "data": [
      {
        "text": "100",
        "alias": "risposta29",
        "meta": "@sys.number",
        "userDefined": false
      }
    ],
    "isTemplate": false,
    "count": 0,
    "updated": 0
  },
  {
    "id": "94d5bb41-697f-4423-92aa-003d5a050837",
    "data": [
      {
        "text": "80",
        "alias": "risposta29",
        "meta": "@sys.number",
        "userDefined": false
      }
    ],
    "isTemplate": false,
    "count": 0,
    "updated": 0
  },
  {
    "id": "1c2f6aec-ab3f-4d05-9bff-96a0a8825288",
    "data": [
      {
        "text": "60",
        "alias": "risposta29",
        "meta": "@sys.number",
        "userDefined": false
      }
    ],
    "isTemplate": false,
    "count": 0,
    "updated": 0
  },
  {
    "id": "e71f0a41-d4e4-4b2e-a460-d96a26e48bbf",
    "data": [
      {
        "text": "40",
        "alias": "risposta29",
        "meta": "@sys.number",
        "userDefined": false
      }
    ],
    "isTemplate": false,
    "count": 0,
    "updated": 0
  },
  {
    "id": "c26e508b-e4c9-4268-a963-933937a39bf6",
    "data": [
      {
        "text": "20",
        "alias": "risposta29",
        "meta": "@sys.number",
        "userDefined": false
      }
    ],
    "isTemplate": false,
    "count": 0,
    "updated": 0
  },
  {
    "id": "a2bf4b8a-ca48-4c27-9e56-005891c0fa38",
    "data": [
      {
        "text": "0",
        "alias": "risposta29",
        "meta": "@sys.number",
        "userDefined": false
      }
    ],
    "isTemplate": false,
    "count": 0,
    "updated": 0
  }
]