[
  {
    "id": "7cbb6fc5-1e89-4072-9ea8-d175d717f12a",
    "data": [
      {
        "text": "100",
        "alias": "risposta14",
        "meta": "@sys.number",
        "userDefined": false
      }
    ],
    "isTemplate": false,
    "count": 0,
    "updated": 0
  },
  {
    "id": "2bb5ddb3-3755-4b8a-94c9-7d32aaeb14cb",
    "data": [
      {
        "text": "0",
        "alias": "risposta14",
        "meta": "@sys.number",
        "userDefined": false
      }
    ],
    "isTemplate": false,
    "count": 0,
    "updated": 0
  }
]