[
  {
    "id": "4e41a24a-916d-4b1f-8ecc-bf39a8328846",
    "data": [
      {
        "text": "100",
        "alias": "risposta6",
        "meta": "@sys.number",
        "userDefined": false
      }
    ],
    "isTemplate": false,
    "count": 0,
    "updated": 0
  },
  {
    "id": "f6bbc1ce-9ab9-4394-a729-f61b69eefb19",
    "data": [
      {
        "text": "50",
        "alias": "risposta6",
        "meta": "@sys.number",
        "userDefined": false
      }
    ],
    "isTemplate": false,
    "count": 0,
    "updated": 0
  },
  {
    "id": "de6056d6-4cdb-4716-bc95-7c1d0bcc938c",
    "data": [
      {
        "text": "0",
        "alias": "risposta6",
        "meta": "@sys.number",
        "userDefined": false
      }
    ],
    "isTemplate": false,
    "count": 0,
    "updated": 0
  }
]