[
  {
    "id": "0e2da03c-8139-45b4-b530-7e5df1710122",
    "data": [
      {
        "text": "100",
        "alias": "risposta1",
        "meta": "@sys.number",
        "userDefined": false
      }
    ],
    "isTemplate": false,
    "count": 0,
    "updated": 0
  },
  {
    "id": "241fe400-dfa6-4c62-974a-5889bf5daf9e",
    "data": [
      {
        "text": "75",
        "alias": "risposta1",
        "meta": "@sys.number",
        "userDefined": false
      }
    ],
    "isTemplate": false,
    "count": 0,
    "updated": 0
  },
  {
    "id": "955e8ef1-1640-4c75-ad8b-e9398973a924",
    "data": [
      {
        "text": "50",
        "alias": "risposta1",
        "meta": "@sys.number",
        "userDefined": false
      }
    ],
    "isTemplate": false,
    "count": 0,
    "updated": 0
  },
  {
    "id": "ccefe310-430c-40a8-b0ce-e8cb87acf9b1",
    "data": [
      {
        "text": "25",
        "alias": "risposta1",
        "meta": "@sys.number",
        "userDefined": false
      }
    ],
    "isTemplate": false,
    "count": 0,
    "updated": 0
  },
  {
    "id": "95c4f5f3-aba4-432c-8469-33099bf0b0a1",
    "data": [
      {
        "text": "0",
        "alias": "risposta1",
        "meta": "@sys.number",
        "userDefined": false
      }
    ],
    "isTemplate": false,
    "count": 0,
    "updated": 0
  }
]