[
  {
    "id": "e0c3be93-cdd6-4acb-a984-46544581bf1d",
    "data": [
      {
        "text": "100",
        "alias": "risposta9",
        "meta": "@sys.number",
        "userDefined": false
      }
    ],
    "isTemplate": false,
    "count": 0,
    "updated": 0
  },
  {
    "id": "8ea07684-7ced-4b6d-9dec-67da25b45247",
    "data": [
      {
        "text": "50",
        "alias": "risposta9",
        "meta": "@sys.number",
        "userDefined": false
      }
    ],
    "isTemplate": false,
    "count": 0,
    "updated": 0
  },
  {
    "id": "fb142777-ad7f-4fbe-959b-a723e497382d",
    "data": [
      {
        "text": "0",
        "alias": "risposta9",
        "meta": "@sys.number",
        "userDefined": false
      }
    ],
    "isTemplate": false,
    "count": 0,
    "updated": 0
  }
]