[
  {
    "id": "c5f24442-90b1-4c29-8d96-86dbb60469a4",
    "data": [
      {
        "text": "100",
        "alias": "risposta27",
        "meta": "@sys.number",
        "userDefined": false
      }
    ],
    "isTemplate": false,
    "count": 0,
    "updated": 0
  },
  {
    "id": "ca237b2e-cf76-404b-9cbf-3493f8008135",
    "data": [
      {
        "text": "80",
        "alias": "risposta27",
        "meta": "@sys.number",
        "userDefined": false
      }
    ],
    "isTemplate": false,
    "count": 0,
    "updated": 0
  },
  {
    "id": "6cd03e46-f31c-4022-b898-fc932662d531",
    "data": [
      {
        "text": "60",
        "alias": "risposta27",
        "meta": "@sys.number",
        "userDefined": false
      }
    ],
    "isTemplate": false,
    "count": 0,
    "updated": 0
  },
  {
    "id": "d7cff724-68b1-485a-a41c-33a5380735f8",
    "data": [
      {
        "text": "40",
        "alias": "risposta27",
        "meta": "@sys.number",
        "userDefined": false
      }
    ],
    "isTemplate": false,
    "count": 0,
    "updated": 0
  },
  {
    "id": "0f19676a-6fdb-40a6-aaa0-79b6da2286bd",
    "data": [
      {
        "text": "20",
        "alias": "risposta27",
        "meta": "@sys.number",
        "userDefined": false
      }
    ],
    "isTemplate": false,
    "count": 0,
    "updated": 0
  },
  {
    "id": "632405f0-9e12-4c14-8a7c-d7d94351f864",
    "data": [
      {
        "text": "0",
        "alias": "risposta27",
        "meta": "@sys.number",
        "userDefined": false
      }
    ],
    "isTemplate": false,
    "count": 0,
    "updated": 0
  }
]