[
  {
    "id": "d33473a3-8178-4f05-adcd-71f5eae716da",
    "data": [
      {
        "text": "100",
        "alias": "risposta35",
        "meta": "@sys.number",
        "userDefined": false
      }
    ],
    "isTemplate": false,
    "count": 0,
    "updated": 0
  },
  {
    "id": "75945bf3-fdb2-41be-beea-1f79c3601aee",
    "data": [
      {
        "text": "75",
        "alias": "risposta35",
        "meta": "@sys.number",
        "userDefined": false
      }
    ],
    "isTemplate": false,
    "count": 0,
    "updated": 0
  },
  {
    "id": "8082c757-afe5-4d90-a0e4-f91118919137",
    "data": [
      {
        "text": "50",
        "alias": "risposta35",
        "meta": "@sys.number",
        "userDefined": false
      }
    ],
    "isTemplate": false,
    "count": 0,
    "updated": 0
  },
  {
    "id": "21cd13c4-61c5-4d67-998f-c33ca934d9af",
    "data": [
      {
        "text": "25",
        "alias": "risposta35",
        "meta": "@sys.number",
        "userDefined": false
      }
    ],
    "isTemplate": false,
    "count": 0,
    "updated": 0
  },
  {
    "id": "5fdc89e0-97eb-436a-b35d-14ea8a300da1",
    "data": [
      {
        "text": "0",
        "alias": "risposta35",
        "meta": "@sys.number",
        "userDefined": false
      }
    ],
    "isTemplate": false,
    "count": 0,
    "updated": 0
  }
]