[
  {
    "id": "85e66d09-771c-4ec1-b385-2da67fe450f8",
    "data": [
      {
        "text": "100",
        "alias": "risposta34",
        "meta": "@sys.number",
        "userDefined": false
      }
    ],
    "isTemplate": false,
    "count": 0,
    "updated": 0
  },
  {
    "id": "5dc5636d-8866-4a0b-ab1c-108d67a0f90c",
    "data": [
      {
        "text": "75",
        "alias": "risposta34",
        "meta": "@sys.number",
        "userDefined": false
      }
    ],
    "isTemplate": false,
    "count": 0,
    "updated": 0
  },
  {
    "id": "86dffe60-5930-48f0-926d-0968e2b2b464",
    "data": [
      {
        "text": "50",
        "alias": "risposta34",
        "meta": "@sys.number",
        "userDefined": false
      }
    ],
    "isTemplate": false,
    "count": 0,
    "updated": 0
  },
  {
    "id": "1ad46db3-a6c0-46ad-9047-8bcbbb1b2e22",
    "data": [
      {
        "text": "25",
        "alias": "risposta34",
        "meta": "@sys.number",
        "userDefined": false
      }
    ],
    "isTemplate": false,
    "count": 0,
    "updated": 0
  },
  {
    "id": "bcd6cdf2-3a43-4622-b3d0-7fccddddcf4c",
    "data": [
      {
        "text": "0",
        "alias": "risposta34",
        "meta": "@sys.number",
        "userDefined": false
      }
    ],
    "isTemplate": false,
    "count": 0,
    "updated": 0
  }
]