[
  {
    "id": "c4045d8f-1f8f-4ae9-a4ef-65a41e811c37",
    "data": [
      {
        "text": "100",
        "alias": "risposta16",
        "meta": "@sys.number",
        "userDefined": false
      }
    ],
    "isTemplate": false,
    "count": 1,
    "updated": 0
  },
  {
    "id": "908e18b7-b329-4f74-9281-c1d063cb8047",
    "data": [
      {
        "text": "0",
        "alias": "risposta16",
        "meta": "@sys.number",
        "userDefined": false
      }
    ],
    "isTemplate": false,
    "count": 0,
    "updated": 0
  }
]