[
  {
    "id": "a8ab3ab0-3cc9-4bf4-8cdf-5d153fa4b98e",
    "data": [
      {
        "text": "100",
        "alias": "risposta31",
        "meta": "@sys.number",
        "userDefined": false
      }
    ],
    "isTemplate": false,
    "count": 0,
    "updated": 0
  },
  {
    "id": "aa870b49-33a8-4a63-99df-4c8642875de1",
    "data": [
      {
        "text": "80",
        "alias": "risposta31",
        "meta": "@sys.number",
        "userDefined": false
      }
    ],
    "isTemplate": false,
    "count": 0,
    "updated": 0
  },
  {
    "id": "e8867335-13e9-4c3c-bdbf-504d72399f18",
    "data": [
      {
        "text": "60",
        "alias": "risposta31",
        "meta": "@sys.number",
        "userDefined": false
      }
    ],
    "isTemplate": false,
    "count": 0,
    "updated": 0
  },
  {
    "id": "95407bc6-ea23-4ae0-8f78-4acd8c7f77f6",
    "data": [
      {
        "text": "40",
        "alias": "risposta31",
        "meta": "@sys.number",
        "userDefined": false
      }
    ],
    "isTemplate": false,
    "count": 0,
    "updated": 0
  },
  {
    "id": "439dc32b-969e-4bd8-9821-e97f0ebfc786",
    "data": [
      {
        "text": "20",
        "alias": "risposta31",
        "meta": "@sys.number",
        "userDefined": false
      }
    ],
    "isTemplate": false,
    "count": 0,
    "updated": 0
  },
  {
    "id": "b8ad56df-20cd-4967-84c4-084ef9d51abc",
    "data": [
      {
        "text": "0",
        "alias": "risposta31",
        "meta": "@sys.number",
        "userDefined": false
      }
    ],
    "isTemplate": false,
    "count": 0,
    "updated": 0
  }
]