[
  {
    "id": "040a08c1-ad04-4a3c-89ec-276c5f4f72a0",
    "data": [
      {
        "text": "100",
        "alias": "risposta22",
        "meta": "@sys.number",
        "userDefined": false
      }
    ],
    "isTemplate": false,
    "count": 0,
    "updated": 0
  },
  {
    "id": "2ddd3157-eca4-4d95-8769-4646df5d9f1f",
    "data": [
      {
        "text": "75",
        "alias": "risposta22",
        "meta": "@sys.number",
        "userDefined": false
      }
    ],
    "isTemplate": false,
    "count": 0,
    "updated": 0
  },
  {
    "id": "088f9e9d-2611-4765-aa4e-ada2dc24c355",
    "data": [
      {
        "text": "50",
        "alias": "risposta22",
        "meta": "@sys.number",
        "userDefined": false
      }
    ],
    "isTemplate": false,
    "count": 0,
    "updated": 0
  },
  {
    "id": "8546ce77-c718-42fe-8259-850480041893",
    "data": [
      {
        "text": "25",
        "alias": "risposta22",
        "meta": "@sys.number",
        "userDefined": false
      }
    ],
    "isTemplate": false,
    "count": 0,
    "updated": 0
  },
  {
    "id": "325bf477-14f5-47e5-8ed3-da4bcf79e162",
    "data": [
      {
        "text": "0",
        "alias": "risposta22",
        "meta": "@sys.number",
        "userDefined": false
      }
    ],
    "isTemplate": false,
    "count": 0,
    "updated": 0
  }
]