[
  {
    "id": "28706b8d-62f8-4e53-81b5-2e3be923fa87",
    "data": [
      {
        "text": "100",
        "alias": "risposta15",
        "meta": "@sys.number",
        "userDefined": false
      }
    ],
    "isTemplate": false,
    "count": 0,
    "updated": 0
  },
  {
    "id": "99d39adb-f04a-4b61-abb5-7dbe4dae7c4f",
    "data": [
      {
        "text": "0",
        "alias": "risposta15",
        "meta": "@sys.number",
        "userDefined": false
      }
    ],
    "isTemplate": false,
    "count": 0,
    "updated": 0
  }
]