[
  {
    "id": "af653cc6-4fe2-4d58-9e7c-eaa55a4a811d",
    "data": [
      {
        "text": "100",
        "alias": "risposta23",
        "meta": "@sys.number",
        "userDefined": false
      }
    ],
    "isTemplate": false,
    "count": 0,
    "updated": 0
  },
  {
    "id": "469657bd-9661-44b6-b081-e7b9bae6ecf6",
    "data": [
      {
        "text": "80",
        "alias": "risposta23",
        "meta": "@sys.number",
        "userDefined": false
      }
    ],
    "isTemplate": false,
    "count": 0,
    "updated": 0
  },
  {
    "id": "86348c71-1e2e-42af-a79d-23d76fabe86d",
    "data": [
      {
        "text": "60",
        "alias": "risposta23",
        "meta": "@sys.number",
        "userDefined": false
      }
    ],
    "isTemplate": false,
    "count": 0,
    "updated": 0
  },
  {
    "id": "7c728a4b-c294-4edc-a35e-4b6eebeba796",
    "data": [
      {
        "text": "40",
        "alias": "risposta23",
        "meta": "@sys.number",
        "userDefined": false
      }
    ],
    "isTemplate": false,
    "count": 0,
    "updated": 0
  },
  {
    "id": "90f62ee2-c663-45ae-889a-ee2030a32d7c",
    "data": [
      {
        "text": "20",
        "alias": "risposta23",
        "meta": "@sys.number",
        "userDefined": false
      }
    ],
    "isTemplate": false,
    "count": 0,
    "updated": 0
  },
  {
    "id": "eee65e05-f8a6-43ee-b8ca-488df5fd1509",
    "data": [
      {
        "text": "0",
        "alias": "risposta23",
        "meta": "@sys.number",
        "userDefined": false
      }
    ],
    "isTemplate": false,
    "count": 0,
    "updated": 0
  }
]