[
  {
    "id": "4c95ddaa-a8bb-4cf0-b0c6-cf081caaa14b",
    "data": [
      {
        "text": "100",
        "alias": "risposta21",
        "meta": "@sys.number",
        "userDefined": false
      }
    ],
    "isTemplate": false,
    "count": 0,
    "updated": 0
  },
  {
    "id": "77943797-28af-49d4-ae98-78d17a8e7d7d",
    "data": [
      {
        "text": "80",
        "alias": "risposta21",
        "meta": "@sys.number",
        "userDefined": false
      }
    ],
    "isTemplate": false,
    "count": 0,
    "updated": 0
  },
  {
    "id": "6209718f-0c77-45ca-8790-44a5bf8aab70",
    "data": [
      {
        "text": "60",
        "alias": "risposta21",
        "meta": "@sys.number",
        "userDefined": false
      }
    ],
    "isTemplate": false,
    "count": 0,
    "updated": 0
  },
  {
    "id": "c513f027-3a74-4fa7-a79d-e65cd488a43b",
    "data": [
      {
        "text": "40",
        "alias": "risposta21",
        "meta": "@sys.number",
        "userDefined": false
      }
    ],
    "isTemplate": false,
    "count": 0,
    "updated": 0
  },
  {
    "id": "5f5a38f3-f355-4418-ac02-8e159ecf018d",
    "data": [
      {
        "text": "20",
        "alias": "risposta21",
        "meta": "@sys.number",
        "userDefined": false
      }
    ],
    "isTemplate": false,
    "count": 0,
    "updated": 0
  },
  {
    "id": "cfa953d7-be7c-4afb-a47f-121f7dba6151",
    "data": [
      {
        "text": "0",
        "alias": "risposta21",
        "meta": "@sys.number",
        "userDefined": false
      }
    ],
    "isTemplate": false,
    "count": 0,
    "updated": 0
  }
]