[
  {
    "id": "5820b0cf-8885-462e-bc4d-d354c0286c50",
    "data": [
      {
        "text": "100",
        "alias": "risposta2",
        "meta": "@sys.number",
        "userDefined": false
      }
    ],
    "isTemplate": false,
    "count": 0,
    "updated": 0
  },
  {
    "id": "5ed59d66-178e-424a-832f-93d22fdbaf49",
    "data": [
      {
        "text": "75",
        "alias": "risposta2",
        "meta": "@sys.number",
        "userDefined": false
      }
    ],
    "isTemplate": false,
    "count": 0,
    "updated": 0
  },
  {
    "id": "c400dca4-1c00-452a-8776-07f26ef9f95e",
    "data": [
      {
        "text": "50",
        "alias": "risposta2",
        "meta": "@sys.number",
        "userDefined": false
      }
    ],
    "isTemplate": false,
    "count": 0,
    "updated": 0
  },
  {
    "id": "d946f7c9-e54d-465e-9d3d-acbd5e9e9582",
    "data": [
      {
        "text": "25",
        "alias": "risposta2",
        "meta": "@sys.number",
        "userDefined": false
      }
    ],
    "isTemplate": false,
    "count": 0,
    "updated": 0
  },
  {
    "id": "06a3eca2-4822-4b99-8ed8-bc8f2382ef36",
    "data": [
      {
        "text": "0",
        "alias": "risposta2",
        "meta": "@sys.number",
        "userDefined": false
      }
    ],
    "isTemplate": false,
    "count": 0,
    "updated": 0
  }
]