[
  {
    "id": "f8dac7ce-e9bb-40d8-a7c5-6b3c67d67dd8",
    "data": [
      {
        "text": "100",
        "alias": "risposta3",
        "meta": "@sys.number",
        "userDefined": false
      }
    ],
    "isTemplate": false,
    "count": 0,
    "updated": 0
  },
  {
    "id": "2ca7c6e8-837f-4328-ab2b-f72afe8795c3",
    "data": [
      {
        "text": "50",
        "alias": "risposta3",
        "meta": "@sys.number",
        "userDefined": false
      }
    ],
    "isTemplate": false,
    "count": 0,
    "updated": 0
  },
  {
    "id": "b33ab254-bc29-4c46-88f4-475eddf67c48",
    "data": [
      {
        "text": "0",
        "alias": "risposta3",
        "meta": "@sys.number",
        "userDefined": false
      }
    ],
    "isTemplate": false,
    "count": 0,
    "updated": 0
  }
]