[
  {
    "id": "757d0a9d-f7cf-4688-aaba-832ab7258103",
    "data": [
      {
        "text": "100",
        "alias": "risposta8",
        "meta": "@sys.number",
        "userDefined": false
      }
    ],
    "isTemplate": false,
    "count": 0,
    "updated": 0
  },
  {
    "id": "e7ef3912-1d14-415a-b5fa-2e00fab39799",
    "data": [
      {
        "text": "50",
        "alias": "risposta8",
        "meta": "@sys.number",
        "userDefined": false
      }
    ],
    "isTemplate": false,
    "count": 0,
    "updated": 0
  },
  {
    "id": "b26fd8db-92e5-4373-8035-e1b5ad3a3313",
    "data": [
      {
        "text": "0",
        "alias": "risposta8",
        "meta": "@sys.number",
        "userDefined": false
      }
    ],
    "isTemplate": false,
    "count": 0,
    "updated": 0
  }
]