[
  {
    "id": "e0129e01-d505-412f-b360-10493c85fa29",
    "data": [
      {
        "text": "100",
        "alias": "risposta32",
        "meta": "@sys.number",
        "userDefined": false
      }
    ],
    "isTemplate": false,
    "count": 0,
    "updated": 0
  },
  {
    "id": "8619f3ba-4f55-4368-9e70-55a1410f1d45",
    "data": [
      {
        "text": "75",
        "alias": "risposta32",
        "meta": "@sys.number",
        "userDefined": false
      }
    ],
    "isTemplate": false,
    "count": 0,
    "updated": 0
  },
  {
    "id": "5d31b957-7f92-4120-a344-c52ac00ae6c8",
    "data": [
      {
        "text": "50",
        "alias": "risposta32",
        "meta": "@sys.number",
        "userDefined": false
      }
    ],
    "isTemplate": false,
    "count": 0,
    "updated": 0
  },
  {
    "id": "d22cd442-4505-4226-80d2-b7271a52a662",
    "data": [
      {
        "text": "25",
        "alias": "risposta32",
        "meta": "@sys.number",
        "userDefined": false
      }
    ],
    "isTemplate": false,
    "count": 0,
    "updated": 0
  },
  {
    "id": "41a16228-de2c-4e6d-ac39-66090d444199",
    "data": [
      {
        "text": "0",
        "alias": "risposta32",
        "meta": "@sys.number",
        "userDefined": false
      }
    ],
    "isTemplate": false,
    "count": 0,
    "updated": 0
  }
]