[
  {
    "id": "e98a9cc9-3eed-4d40-be83-fe040b9b3c5c",
    "data": [
      {
        "text": "100",
        "alias": "risposta33",
        "meta": "@sys.number",
        "userDefined": false
      }
    ],
    "isTemplate": false,
    "count": 0,
    "updated": 0
  },
  {
    "id": "e63536c5-14ef-47a2-b04f-9af675d95963",
    "data": [
      {
        "text": "75",
        "alias": "risposta33",
        "meta": "@sys.number",
        "userDefined": false
      }
    ],
    "isTemplate": false,
    "count": 0,
    "updated": 0
  },
  {
    "id": "692ac847-3a03-4d56-8686-2254fa9338ca",
    "data": [
      {
        "text": "50",
        "alias": "risposta33",
        "meta": "@sys.number",
        "userDefined": false
      }
    ],
    "isTemplate": false,
    "count": 0,
    "updated": 0
  },
  {
    "id": "c16cd9b8-7a36-4d0b-a6a9-9f9571f806c4",
    "data": [
      {
        "text": "25",
        "alias": "risposta33",
        "meta": "@sys.number",
        "userDefined": false
      }
    ],
    "isTemplate": false,
    "count": 0,
    "updated": 0
  },
  {
    "id": "baaeefba-0fa8-48b7-9ffa-436dc3209da6",
    "data": [
      {
        "text": "0",
        "alias": "risposta33",
        "meta": "@sys.number",
        "userDefined": false
      }
    ],
    "isTemplate": false,
    "count": 0,
    "updated": 0
  }
]