[
  {
    "id": "aa02f1a7-1f23-439c-8c6c-8a087be97714",
    "data": [
      {
        "text": "100",
        "alias": "risposta25",
        "meta": "@sys.number",
        "userDefined": false
      }
    ],
    "isTemplate": false,
    "count": 0,
    "updated": 0
  },
  {
    "id": "cf1eb21e-037e-4a29-888e-06f977330f95",
    "data": [
      {
        "text": "80",
        "alias": "risposta25",
        "meta": "@sys.number",
        "userDefined": false
      }
    ],
    "isTemplate": false,
    "count": 0,
    "updated": 0
  },
  {
    "id": "3af83b71-ed63-42a2-b502-6d7583897b60",
    "data": [
      {
        "text": "60",
        "alias": "risposta25",
        "meta": "@sys.number",
        "userDefined": false
      }
    ],
    "isTemplate": false,
    "count": 0,
    "updated": 0
  },
  {
    "id": "1540bd38-26e4-44d6-9c2b-366fbeff1b52",
    "data": [
      {
        "text": "40",
        "alias": "risposta25",
        "meta": "@sys.number",
        "userDefined": false
      }
    ],
    "isTemplate": false,
    "count": 0,
    "updated": 0
  },
  {
    "id": "9719b5aa-379a-461c-9d21-d1d502a17517",
    "data": [
      {
        "text": "20",
        "alias": "risposta25",
        "meta": "@sys.number",
        "userDefined": false
      }
    ],
    "isTemplate": false,
    "count": 0,
    "updated": 0
  },
  {
    "id": "adaa9148-77a7-41d7-bf67-96f5cd0c8ac9",
    "data": [
      {
        "text": "0",
        "alias": "risposta25",
        "meta": "@sys.number",
        "userDefined": false
      }
    ],
    "isTemplate": false,
    "count": 0,
    "updated": 0
  }
]