[
  {
    "id": "20b2c3f3-8c27-4f03-b749-dc2626cfc79a",
    "data": [
      {
        "text": "100",
        "alias": "risposta24",
        "meta": "@sys.number",
        "userDefined": false
      }
    ],
    "isTemplate": false,
    "count": 0,
    "updated": 0
  },
  {
    "id": "577ca0d4-767f-463e-9f4b-deff7e36a2c2",
    "data": [
      {
        "text": "80",
        "alias": "risposta24",
        "meta": "@sys.number",
        "userDefined": false
      }
    ],
    "isTemplate": false,
    "count": 0,
    "updated": 0
  },
  {
    "id": "57de047c-ecdc-45ee-b5c8-259fee1d1a43",
    "data": [
      {
        "text": "60",
        "alias": "risposta24",
        "meta": "@sys.number",
        "userDefined": false
      }
    ],
    "isTemplate": false,
    "count": 0,
    "updated": 0
  },
  {
    "id": "13c8dd26-a51b-4661-be68-09158ec03871",
    "data": [
      {
        "text": "40",
        "alias": "risposta24",
        "meta": "@sys.number",
        "userDefined": false
      }
    ],
    "isTemplate": false,
    "count": 0,
    "updated": 0
  },
  {
    "id": "48c58bda-7b69-4da7-8f93-f22b520f5a37",
    "data": [
      {
        "text": "20",
        "alias": "risposta24",
        "meta": "@sys.number",
        "userDefined": false
      }
    ],
    "isTemplate": false,
    "count": 0,
    "updated": 0
  },
  {
    "id": "5b0fa479-74d5-48f9-8197-3fbfc3e6c5e4",
    "data": [
      {
        "text": "0",
        "alias": "risposta24",
        "meta": "@sys.number",
        "userDefined": false
      }
    ],
    "isTemplate": false,
    "count": 0,
    "updated": 0
  }
]