[
  {
    "id": "6899ca48-c5e9-444f-88d1-79ca6c0a5cb4",
    "data": [
      {
        "text": "100",
        "alias": "risposta12",
        "meta": "@sys.number",
        "userDefined": false
      }
    ],
    "isTemplate": false,
    "count": 0,
    "updated": 0
  },
  {
    "id": "4bc94550-2749-47b7-a253-5d8b243d1278",
    "data": [
      {
        "text": "50",
        "alias": "risposta12",
        "meta": "@sys.number",
        "userDefined": false
      }
    ],
    "isTemplate": false,
    "count": 0,
    "updated": 0
  },
  {
    "id": "296a261d-4874-45b0-a5a5-56c6601a8ba5",
    "data": [
      {
        "text": "0",
        "alias": "risposta12",
        "meta": "@sys.number",
        "userDefined": false
      }
    ],
    "isTemplate": false,
    "count": 0,
    "updated": 0
  }
]