[
  {
    "id": "3f19c2ac-69ef-4778-b0fc-184acff61c23",
    "data": [
      {
        "text": "100",
        "alias": "risposta20",
        "meta": "@sys.number",
        "userDefined": false
      }
    ],
    "isTemplate": false,
    "count": 0,
    "updated": 0
  },
  {
    "id": "452707c2-9578-4c74-bd6a-ff1335ec1254",
    "data": [
      {
        "text": "75",
        "alias": "risposta20",
        "meta": "@sys.number",
        "userDefined": false
      }
    ],
    "isTemplate": false,
    "count": 0,
    "updated": 0
  },
  {
    "id": "91d5e1f5-8083-48e9-8dfe-45cf565cc26a",
    "data": [
      {
        "text": "50",
        "alias": "risposta20",
        "meta": "@sys.number",
        "userDefined": false
      }
    ],
    "isTemplate": false,
    "count": 0,
    "updated": 0
  },
  {
    "id": "d38122a7-7dd7-4177-94af-27fd74c5db46",
    "data": [
      {
        "text": "25",
        "alias": "risposta20",
        "meta": "@sys.number",
        "userDefined": false
      }
    ],
    "isTemplate": false,
    "count": 0,
    "updated": 0
  },
  {
    "id": "6cc1a467-70cd-4f2a-a61a-dfe3b50b8f2f",
    "data": [
      {
        "text": "0",
        "alias": "risposta20",
        "meta": "@sys.number",
        "userDefined": false
      }
    ],
    "isTemplate": false,
    "count": 0,
    "updated": 0
  }
]