[
  {
    "id": "f639a975-d2fa-4929-9549-10c788c6bf0f",
    "data": [
      {
        "text": "100",
        "alias": "risposta26",
        "meta": "@sys.number",
        "userDefined": false
      }
    ],
    "isTemplate": false,
    "count": 0,
    "updated": 0
  },
  {
    "id": "a6fa5d4f-5f00-4b0e-bff3-7fd3f5436eb8",
    "data": [
      {
        "text": "80",
        "alias": "risposta26",
        "meta": "@sys.number",
        "userDefined": false
      }
    ],
    "isTemplate": false,
    "count": 0,
    "updated": 0
  },
  {
    "id": "736aa498-d9e9-4c2d-8257-c81928b98f60",
    "data": [
      {
        "text": "60",
        "alias": "risposta26",
        "meta": "@sys.number",
        "userDefined": false
      }
    ],
    "isTemplate": false,
    "count": 0,
    "updated": 0
  },
  {
    "id": "3bd6d8a1-a5da-43f3-a014-c06607f247c9",
    "data": [
      {
        "text": "40",
        "alias": "risposta26",
        "meta": "@sys.number",
        "userDefined": false
      }
    ],
    "isTemplate": false,
    "count": 0,
    "updated": 0
  },
  {
    "id": "5d678642-3f4f-456a-9de0-ede339c58fdd",
    "data": [
      {
        "text": "20",
        "alias": "risposta26",
        "meta": "@sys.number",
        "userDefined": false
      }
    ],
    "isTemplate": false,
    "count": 0,
    "updated": 0
  },
  {
    "id": "407dc5a6-f8cb-474c-a7ff-9a66fedda8f8",
    "data": [
      {
        "text": "0",
        "alias": "risposta26",
        "meta": "@sys.number",
        "userDefined": true
      }
    ],
    "isTemplate": false,
    "count": 0,
    "updated": 0
  }
]