[
  {
    "id": "bc32b2bf-03dd-45c0-9ffe-d3729648d904",
    "data": [
      {
        "text": "100",
        "alias": "risposta28",
        "meta": "@sys.number",
        "userDefined": false
      }
    ],
    "isTemplate": false,
    "count": 0,
    "updated": 0
  },
  {
    "id": "13ca8743-ba58-4f5c-853e-709e1a97ebbb",
    "data": [
      {
        "text": "80",
        "alias": "risposta28",
        "meta": "@sys.number",
        "userDefined": false
      }
    ],
    "isTemplate": false,
    "count": 0,
    "updated": 0
  },
  {
    "id": "7d6b7463-818d-4275-a1f8-3c49a0312326",
    "data": [
      {
        "text": "60",
        "alias": "risposta28",
        "meta": "@sys.number",
        "userDefined": false
      }
    ],
    "isTemplate": false,
    "count": 0,
    "updated": 0
  },
  {
    "id": "5c6e2f45-1fb6-40bc-a8dd-1e45fa47cf39",
    "data": [
      {
        "text": "40",
        "alias": "risposta28",
        "meta": "@sys.number",
        "userDefined": false
      }
    ],
    "isTemplate": false,
    "count": 0,
    "updated": 0
  },
  {
    "id": "341cfe3e-9997-403a-b882-fd5c44868fec",
    "data": [
      {
        "text": "20",
        "alias": "risposta28",
        "meta": "@sys.number",
        "userDefined": false
      }
    ],
    "isTemplate": false,
    "count": 0,
    "updated": 0
  },
  {
    "id": "6713c7c5-0242-4036-bf96-b411f770313e",
    "data": [
      {
        "text": "0",
        "alias": "risposta28",
        "meta": "@sys.number",
        "userDefined": false
      }
    ],
    "isTemplate": false,
    "count": 0,
    "updated": 0
  }
]