[
  {
    "id": "5775b17d-a3a0-4f2c-bec2-a4853e138925",
    "data": [
      {
        "text": "100",
        "alias": "risposta11",
        "meta": "@sys.number",
        "userDefined": false
      }
    ],
    "isTemplate": false,
    "count": 0,
    "updated": 0
  },
  {
    "id": "31700ac4-6939-48ef-ab7f-b9bb0d6439fe",
    "data": [
      {
        "text": "50",
        "alias": "risposta11",
        "meta": "@sys.number",
        "userDefined": false
      }
    ],
    "isTemplate": false,
    "count": 0,
    "updated": 0
  },
  {
    "id": "5cee8a24-40bf-418e-ac54-c9f451e5ed41",
    "data": [
      {
        "text": "0",
        "alias": "risposta11",
        "meta": "@sys.number",
        "userDefined": false
      }
    ],
    "isTemplate": false,
    "count": 0,
    "updated": 0
  }
]