[
  {
    "id": "4be45d4b-c583-4966-addc-157da83f2ae7",
    "data": [
      {
        "text": "100",
        "alias": "risposta18",
        "meta": "@sys.number",
        "userDefined": false
      }
    ],
    "isTemplate": false,
    "count": 0,
    "updated": 0
  },
  {
    "id": "57cc3e00-818d-435a-a090-e9050fc711ae",
    "data": [
      {
        "text": "0",
        "alias": "risposta18",
        "meta": "@sys.number",
        "userDefined": false
      }
    ],
    "isTemplate": false,
    "count": 0,
    "updated": 0
  }
]