[
  {
    "id": "201e2709-a1db-4773-9fb1-8e1b75148af1",
    "data": [
      {
        "text": "100",
        "alias": "risposta19",
        "meta": "@sys.number",
        "userDefined": false
      }
    ],
    "isTemplate": false,
    "count": 0,
    "updated": 0
  },
  {
    "id": "d8fc5ee3-5713-4d2e-8a10-8e0c9520fcd0",
    "data": [
      {
        "text": "0",
        "alias": "risposta19",
        "meta": "@sys.number",
        "userDefined": false
      }
    ],
    "isTemplate": false,
    "count": 0,
    "updated": 0
  }
]