[
  {
    "id": "8f24eb1a-c48b-4a44-8321-934820a2c0b3",
    "data": [
      {
        "text": "100",
        "alias": "risposta4",
        "meta": "@sys.number",
        "userDefined": false
      }
    ],
    "isTemplate": false,
    "count": 0,
    "updated": 0
  },
  {
    "id": "4ae0fa59-4842-46ef-9e19-6f2634c862bf",
    "data": [
      {
        "text": "50",
        "alias": "risposta4",
        "meta": "@sys.number",
        "userDefined": false
      }
    ],
    "isTemplate": false,
    "count": 0,
    "updated": 0
  },
  {
    "id": "563bd0b1-a880-4d03-8f54-d467fa28d6eb",
    "data": [
      {
        "text": "0",
        "alias": "risposta4",
        "meta": "@sys.number",
        "userDefined": false
      }
    ],
    "isTemplate": false,
    "count": 0,
    "updated": 0
  }
]