[
  {
    "id": "c13722d9-41ad-4256-bbbe-6d0a9faea45a",
    "data": [
      {
        "text": "100",
        "alias": "risposta10",
        "meta": "@sys.number",
        "userDefined": false
      }
    ],
    "isTemplate": false,
    "count": 0,
    "updated": 0
  },
  {
    "id": "5d1afb59-9466-4f73-91b1-baac2c660c68",
    "data": [
      {
        "text": "50",
        "alias": "risposta10",
        "meta": "@sys.number",
        "userDefined": false
      }
    ],
    "isTemplate": false,
    "count": 0,
    "updated": 0
  },
  {
    "id": "a5ee14e3-6aa3-4fea-a88c-4376eee0d952",
    "data": [
      {
        "text": "0",
        "alias": "risposta10",
        "meta": "@sys.number",
        "userDefined": false
      }
    ],
    "isTemplate": false,
    "count": 0,
    "updated": 0
  }
]