[
  {
    "id": "c78ba0c3-f71f-4334-9d8c-2f2a3274b082",
    "data": [
      {
        "text": "100",
        "alias": "risposta36",
        "meta": "@sys.number",
        "userDefined": false
      }
    ],
    "isTemplate": false,
    "count": 0,
    "updated": 0
  },
  {
    "id": "20bb256d-24e4-4c47-b75c-51d3256ee7d4",
    "data": [
      {
        "text": "75",
        "alias": "risposta36",
        "meta": "@sys.number",
        "userDefined": false
      }
    ],
    "isTemplate": false,
    "count": 0,
    "updated": 0
  },
  {
    "id": "2dea691f-52fe-496d-9b64-11d19fe08fb1",
    "data": [
      {
        "text": "50",
        "alias": "risposta36",
        "meta": "@sys.number",
        "userDefined": false
      }
    ],
    "isTemplate": false,
    "count": 0,
    "updated": 0
  },
  {
    "id": "b8451f29-837f-41b1-a594-75026c343f75",
    "data": [
      {
        "text": "25",
        "alias": "risposta36",
        "meta": "@sys.number",
        "userDefined": false
      }
    ],
    "isTemplate": false,
    "count": 0,
    "updated": 0
  },
  {
    "id": "b068cdeb-5aac-45c9-8f67-5e61d4c1aafe",
    "data": [
      {
        "text": "0",
        "alias": "risposta36",
        "meta": "@sys.number",
        "userDefined": false
      }
    ],
    "isTemplate": false,
    "count": 0,
    "updated": 0
  }
]