[
  {
    "id": "5bb00df2-0b72-478f-9891-c1783ac9d563",
    "data": [
      {
        "text": "100",
        "alias": "risposta30",
        "meta": "@sys.number",
        "userDefined": false
      }
    ],
    "isTemplate": false,
    "count": 0,
    "updated": 0
  },
  {
    "id": "e3dbe1b5-779e-44c2-9581-59120f3d7f28",
    "data": [
      {
        "text": "80",
        "alias": "risposta30",
        "meta": "@sys.number",
        "userDefined": false
      }
    ],
    "isTemplate": false,
    "count": 0,
    "updated": 0
  },
  {
    "id": "58b1f12e-144a-495a-9db3-ab742c94c449",
    "data": [
      {
        "text": "60",
        "alias": "risposta30",
        "meta": "@sys.number",
        "userDefined": false
      }
    ],
    "isTemplate": false,
    "count": 0,
    "updated": 0
  },
  {
    "id": "75127a7c-e4bb-4266-9484-52e31ee3282b",
    "data": [
      {
        "text": "40",
        "alias": "risposta30",
        "meta": "@sys.number",
        "userDefined": false
      }
    ],
    "isTemplate": false,
    "count": 0,
    "updated": 0
  },
  {
    "id": "42dbe1f7-e71e-4c2f-9c23-146d74d8c1d2",
    "data": [
      {
        "text": "20",
        "alias": "risposta30",
        "meta": "@sys.number",
        "userDefined": false
      }
    ],
    "isTemplate": false,
    "count": 0,
    "updated": 0
  },
  {
    "id": "f038707f-f8cb-402a-9c4e-245bf0560f73",
    "data": [
      {
        "text": "0",
        "alias": "risposta30",
        "meta": "@sys.number",
        "userDefined": false
      }
    ],
    "isTemplate": false,
    "count": 0,
    "updated": 0
  }
]