[
  {
    "id": "5209db8b-33be-49ad-b3c4-30b2f7ad3b61",
    "data": [
      {
        "text": "100",
        "alias": "risposta5",
        "meta": "@sys.number",
        "userDefined": false
      }
    ],
    "isTemplate": false,
    "count": 0,
    "updated": 0
  },
  {
    "id": "02d8dcbe-5ebc-48c2-b7cb-55a6093f46fb",
    "data": [
      {
        "text": "50",
        "alias": "risposta5",
        "meta": "@sys.number",
        "userDefined": false
      }
    ],
    "isTemplate": false,
    "count": 0,
    "updated": 0
  },
  {
    "id": "f56c2e86-eb25-43e6-9f7f-0d4197d411c2",
    "data": [
      {
        "text": "0",
        "alias": "risposta5",
        "meta": "@sys.number",
        "userDefined": false
      }
    ],
    "isTemplate": false,
    "count": 0,
    "updated": 0
  }
]