[
  {
    "id": "34d44769-5d6d-4897-8ef8-e70250d68ba6",
    "data": [
      {
        "text": "non credo",
        "userDefined": false
      }
    ],
    "isTemplate": false,
    "count": 0,
    "updated": 0
  },
  {
    "id": "73a20d9c-981f-45da-8fe3-b6b7aa111f7e",
    "data": [
      {
        "text": "no grazie",
        "userDefined": false
      }
    ],
    "isTemplate": false,
    "count": 0,
    "updated": 0
  },
  {
    "id": "27d9577b-26d6-4422-b6dc-480ccab8f904",
    "data": [
      {
        "text": "non farlo",
        "userDefined": false
      }
    ],
    "isTemplate": false,
    "count": 0,
    "updated": 0
  },
  {
    "id": "ea14fffd-0b11-4d54-ba2f-96bb02654bcb",
    "data": [
      {
        "text": "non proprio",
        "userDefined": false
      }
    ],
    "isTemplate": false,
    "count": 0,
    "updated": 0
  },
  {
    "id": "a0557495-6525-462e-b949-050cfcaf5f9b",
    "data": [
      {
        "text": "assolutamente no",
        "userDefined": false
      }
    ],
    "isTemplate": false,
    "count": 0,
    "updated": 0
  },
  {
    "id": "8a6f8eb0-6d83-4132-b21a-1633cd8d19b4",
    "data": [
      {
        "text": "no",
        "userDefined": false
      }
    ],
    "isTemplate": false,
    "count": 1,
    "updated": 0
  },
  {
    "id": "3d8b8bb8-bf5d-4e8b-ba91-8ab8d869da8b",
    "data": [
      {
        "text": "non voglio",
        "userDefined": false
      }
    ],
    "isTemplate": false,
    "count": 0,
    "updated": 0
  },
  {
    "id": "d01dc59b-b837-4cdc-9216-e9387b014239",
    "data": [
      {
        "text": "non sono d\u0027accordo",
        "userDefined": false
      }
    ],
    "isTemplate": false,
    "count": 0,
    "updated": 0
  },
  {
    "id": "01618d83-5202-4355-843d-7970dc8f5084",
    "data": [
      {
        "text": "non mi interessa",
        "userDefined": false
      }
    ],
    "isTemplate": false,
    "count": 0,
    "updated": 0
  }
]