[
  {
    "id": "2c3bad2e-d288-41c1-b8a3-ddefa4d78460",
    "data": [
      {
        "text": "Mi fa male il petto. Cosa faccio ?",
        "userDefined": false
      }
    ],
    "isTemplate": false,
    "count": 0,
    "updated": 0
  },
  {
    "id": "1914e36d-8830-4874-abd7-9f354044ca39",
    "data": [
      {
        "text": "Mi fa male la testa. Cosa faccio ?",
        "userDefined": false
      }
    ],
    "isTemplate": false,
    "count": 0,
    "updated": 0
  },
  {
    "id": "b9b5b9d3-510a-4e79-a26f-b4624ca7e67d",
    "data": [
      {
        "text": "Mi fa male lo stomaco. Cosa ",
        "userDefined": false
      },
      {
        "text": "faccio",
        "meta": "@sys.ignore",
        "userDefined": true
      },
      {
        "text": " ?",
        "userDefined": false
      }
    ],
    "isTemplate": false,
    "count": 0,
    "updated": 0
  },
  {
    "id": "f0f7b76e-9a78-4ef2-8480-7e839c03b14c",
    "data": [
      {
        "text": "problemi di salute",
        "userDefined": false
      }
    ],
    "isTemplate": false,
    "count": 0,
    "updated": 0
  },
  {
    "id": "142f6216-f4e6-4a9f-b602-4acacbbbfbeb",
    "data": [
      {
        "text": "mi fa male",
        "userDefined": false
      }
    ],
    "isTemplate": false,
    "count": 0,
    "updated": 0
  },
  {
    "id": "0ab24d98-47e0-4f69-845e-5ac0bcb551d6",
    "data": [
      {
        "text": "male",
        "meta": "@sys.ignore",
        "userDefined": false
      }
    ],
    "isTemplate": false,
    "count": 0,
    "updated": 0
  },
  {
    "id": "34b7926b-ef10-4c39-95d9-098072019413",
    "data": [
      {
        "text": "ho mal di",
        "userDefined": false
      }
    ],
    "isTemplate": false,
    "count": 0,
    "updated": 0
  },
  {
    "id": "9cdc0f51-1263-4ecf-bf5e-271e88a1eb7e",
    "data": [
      {
        "text": "ho dei dolori",
        "userDefined": false
      }
    ],
    "isTemplate": false,
    "count": 0,
    "updated": 0
  },
  {
    "id": "41bfdf41-f44a-4567-85a8-c92819b57ed8",
    "data": [
      {
        "text": "ho dolore",
        "userDefined": false
      }
    ],
    "isTemplate": false,
    "count": 0,
    "updated": 0
  },
  {
    "id": "8897954e-b80d-442d-9fee-e731bc0c3dbf",
    "data": [
      {
        "text": "non sto bene",
        "userDefined": false
      }
    ],
    "isTemplate": false,
    "count": 0,
    "updated": 0
  },
  {
    "id": "3ddf09b0-51f8-4a90-a916-3e40750bec8e",
    "data": [
      {
        "text": "salute",
        "userDefined": false
      }
    ],
    "isTemplate": false,
    "count": 0,
    "updated": 0
  },
  {
    "id": "f271e451-5771-4713-a1c7-7eded161fa90",
    "data": [
      {
        "text": "Non sto molto bene",
        "userDefined": false
      }
    ],
    "isTemplate": false,
    "count": 0,
    "updated": 0
  }
]