[
  {
    "id": "4d6584d5-e9f2-4f51-8ea6-af45d231ed53",
    "data": [
      {
        "text": "nulla",
        "userDefined": false
      }
    ],
    "isTemplate": false,
    "count": 0,
    "updated": 0
  },
  {
    "id": "85275837-31a6-447a-8012-fa069af0a652",
    "data": [
      {
        "text": "non so",
        "userDefined": false
      }
    ],
    "isTemplate": false,
    "count": 0,
    "updated": 0
  },
  {
    "id": "53db345e-089f-4ff7-8e3f-faeb9c30f331",
    "data": [
      {
        "text": "niente",
        "userDefined": false
      }
    ],
    "isTemplate": false,
    "count": 0,
    "updated": 0
  }
]